Split,Held-out monsoon,h,B0_persistence logNSE,B0_persistence NSE,B3_ARX logNSE,B3_ARX NSE,HGB logNSE,HGB NSE
lomo,2023,1,0.9723427495039028,0.9501255282790833,0.9761310355813728,0.9529401221343303,0.9826245834151266,0.9603475025383919
lomo,2023,3,0.8661944039514871,0.795770387612402,0.8758101281273963,0.781375786406473,0.884026625223725,0.8100174355645378
lomo,2023,7,0.5628105460930157,0.5642964250584359,0.6556392008668253,0.3918231990370033,0.6907767118380179,0.304751056009796
lomo,2024,1,0.9748722718580063,0.9109315542576686,0.9801031275871268,0.9238502009865545,0.9836771995664089,0.948142503008198
lomo,2024,3,0.874439402692764,0.7008314891684548,0.9060401666675177,0.7279736292963557,0.923395327636739,0.717581324403282
lomo,2024,7,0.606218990735014,0.4145918892906506,0.7410347122321099,0.4264670509090315,0.8116400609308491,0.5304118904304118
lomo,2025,1,0.9845668498574922,0.9620993495857063,0.9847080255057371,0.9616799740485176,0.9865888295527181,0.9548628079322153
lomo,2025,3,0.9092855182174586,0.8510085199093118,0.9066094121737156,0.8226328241919678,0.9269761869206357,0.8157101420422552
lomo,2025,7,0.5910788376899985,0.46588149146169733,0.6279144935204233,0.2210244083901703,0.744666448579751,0.321374235175244
lomo,2026,1,0.9850233753120218,0.9728042770779239,0.9890424864430062,0.9764822222321311,0.9859191404078076,0.974643348559969
lomo,2026,3,0.9366557609340709,0.8931839927426255,0.9545970988773043,0.9012985968561771,0.9489428390532724,0.8946935310512666
lomo,2026,7,0.8019644289428892,0.7514209766808648,0.859743810078041,0.727480048646507,0.8328553909087669,0.7736360862582896
fc,2025,1,0.9845668498574922,0.9620993495857063,0.9842061985794626,0.9609736331377627,0.9801941142201682,0.9178718344386128
fc,2025,3,0.9092855182174586,0.8510085199093118,0.9033563234199138,0.8024484667965842,0.9043620541949418,0.7463150268867454
fc,2025,7,0.5910788376899985,0.46588149146169733,0.5637012146648628,0.15979048737120521,0.7349172130808563,0.39554542590896735
fc,2026,1,0.9850233753120218,0.9728042770779239,0.9889900096180766,0.9764810836914202,0.9871715647265161,0.9708508057593781
fc,2026,3,0.9366557609340709,0.8931839927426255,0.954574127334695,0.9013849047142993,0.9363906028137603,0.8686913631939812
fc,2026,7,0.8019644289428892,0.7514209766808648,0.8591226377271569,0.7268056269276978,0.8251997725140627,0.7954951333270905
