,Chatara,Bhada Bridge,Belsot,Kusum,Devghat,Chameliya/Nayalbadi,Khokana,Rasuwagadhi,Bahrabise,Chisapani
Chatara,1.0,0.27,0.49,0.27,0.37,0.15,0.36,0.22,0.28,0.22
Bhada Bridge,0.27,1.0,0.36,0.54,0.31,0.39,0.36,0.36,0.39,0.55
Belsot,0.5,0.36,1.0,0.3,0.44,0.2,0.36,0.23,0.3,0.29
Kusum,0.28,0.55,0.31,1.0,0.42,0.32,0.34,0.29,0.32,0.49
Devghat,0.38,0.32,0.44,0.41,1.0,0.17,0.47,0.33,0.42,0.38
Chameliya/Nayalbadi,0.15,0.39,0.19,0.31,0.16,1.0,0.28,0.22,0.27,0.39
Khokana,0.36,0.36,0.36,0.33,0.47,0.29,1.0,0.32,0.55,0.36
Rasuwagadhi,0.22,0.36,0.22,0.28,0.33,0.22,0.31,1.0,0.33,0.31
Bahrabise,0.28,0.39,0.3,0.31,0.42,0.27,0.54,0.33,1.0,0.31
Chisapani,0.22,0.55,0.28,0.48,0.37,0.39,0.36,0.31,0.31,1.0
