location,variable,cusum_date,stat,p,days_from_pettitt,p_bonf
Chatara,precipitation,2024-06-17,0.7345169264292063,0.6532680091465835,699,1.0
Chatara,temperature,2024-03-28,2.2718730338522204,6.574894166867425e-05,1,0.003944936500120455
Chatara,soil moisture,2025-02-27,12.721564538206549,5.372195622527739e-141,0,3.2233173735166434e-139
Chatara,relative humidity,2026-03-11,1.942682716940184,0.0010542927700556769,1,0.06325756620334061
Chatara,dew point,2026-02-27,2.2033210992429355,0.0001214387482197487,1,0.007286324893184922
Chatara,max wind speed,2025-09-05,1.685238515092667,0.006826722664447003,1,0.40960335986682017
Bhada Bridge,precipitation,2023-08-24,0.6536874720999657,0.786279486837846,428,1.0
Bhada Bridge,temperature,2025-04-26,2.7325418716869496,6.53827043146946e-07,1,3.922962258881676e-05
Bhada Bridge,soil moisture,2025-05-05,8.352074698667863,5.1373342110221056e-61,1,3.0824005266132634e-59
Bhada Bridge,relative humidity,2025-04-08,4.858586227059261,6.269608308093842e-21,1,3.7617649848563053e-19
Bhada Bridge,dew point,2025-04-07,4.392695385352735,3.474839408127165e-17,1,2.0849036448762993e-15
Bhada Bridge,max wind speed,2025-03-29,4.399122916794673,3.1034949737337654e-17,1,1.8620969842402593e-15
Belsot,precipitation,2025-10-03,0.8522103526763344,0.4619674463561803,52,1.0
Belsot,temperature,2024-03-28,1.6007558519873701,0.011894351860278018,1,0.7136611116166811
Belsot,soil moisture,2024-12-10,11.179657987132112,5.503679664337693e-109,1,3.302207798602616e-107
Belsot,relative humidity,2024-05-07,2.867062343781664,1.449400271854714e-07,1,8.696401631128284e-06
Belsot,dew point,2024-05-07,3.952551379676982,5.387134788764724e-14,1,3.2322808732588346e-12
Belsot,max wind speed,2026-05-04,1.2174211355127282,0.10318635419816519,1,1.0
Kusum,precipitation,2024-06-21,1.116535719627379,0.16517969947488953,136,1.0
Kusum,temperature,2025-04-27,2.8270719436499547,2.2854690627286512e-07,1,1.3712814376371907e-05
Kusum,soil moisture,2024-01-25,11.366729198678932,1.1943621099926914e-112,159,7.166172659956149e-111
Kusum,relative humidity,2025-04-07,5.198388762880028,6.744301676946174e-24,1,4.046581006167704e-22
Kusum,dew point,2025-04-07,4.503071458185176,4.8762366272445145e-18,335,2.9257419763467086e-16
Kusum,max wind speed,2025-03-29,2.352035639398229,3.132806811269875e-05,10,0.001879684086761925
Devghat,precipitation,2025-09-13,1.0692016506684958,0.2030531519844021,66,1.0
Devghat,temperature,2024-03-28,2.512306682058787,6.588251645155496e-06,1,0.00039529509870932976
Devghat,soil moisture,2024-12-11,10.800729479631755,9.443362196032327e-102,1,5.666017317619396e-100
Devghat,relative humidity,2025-04-08,2.7173341575279415,7.717056308890458e-07,1,4.6302337853342746e-05
Devghat,dew point,2024-05-05,3.029869531479299,2.1246544320470762e-08,1,1.2747926592282457e-06
Devghat,max wind speed,2025-04-14,1.7211095588269616,0.005346628703840644,400,0.3207977222304386
Chameliya/Nayalbadi,precipitation,2024-06-25,1.594065976679869,0.012413809774393492,256,0.7448285864636095
Chameliya/Nayalbadi,temperature,2024-11-14,3.8265515918242716,3.825767955081864e-13,1,2.2954607730491186e-11
Chameliya/Nayalbadi,soil moisture,2024-11-13,8.34355553035811,6.827783364145692e-61,1,4.096670018487415e-59
Chameliya/Nayalbadi,relative humidity,2024-06-23,2.5574038377479362,4.17047091990947e-06,1,0.0002502282551945682
Chameliya/Nayalbadi,dew point,2024-02-05,1.8858777789183871,0.0016287819490732013,274,0.09772691694439208
Chameliya/Nayalbadi,max wind speed,2024-06-21,1.8001940101526022,0.0030633390307424446,1,0.1838003418445467
Khokana,precipitation,2024-06-24,1.1545266993770973,0.1390317511784938,128,1.0
Khokana,temperature,2025-04-27,2.781744818643501,3.8001265143127684e-07,1,2.280075908587661e-05
Khokana,soil moisture,2024-06-21,10.577857963173043,1.299192636714396e-97,0,7.795155820286376e-96
Khokana,relative humidity,2025-04-07,4.731661523078077,7.153541168951014e-20,1,4.292124701370608e-18
Khokana,dew point,2024-05-06,5.140339568555747,2.2398805964797712e-23,1,1.3439283578878628e-21
Khokana,max wind speed,2025-04-07,2.700607464963856,9.250535778817626e-07,1,5.5503214672905754e-05
Rasuwagadhi,precipitation,2025-09-29,1.8997710371263745,0.0014661537455392844,29,0.08796922473235706
Rasuwagadhi,temperature,2025-04-27,3.1633800514489203,4.065213721759958e-09,1,2.4391282330559746e-07
Rasuwagadhi,soil moisture,2025-09-15,5.605752225605998,1.0141275250657746e-27,1,6.084765150394648e-26
Rasuwagadhi,relative humidity,2026-01-27,1.7175580739478515,0.0054788266562843324,13,0.3287295993770599
Rasuwagadhi,dew point,2024-11-30,2.650418386251737,1.5828428368972797e-06,1,9.497057021383678e-05
Rasuwagadhi,max wind speed,2024-02-18,3.4779201200764436,6.232181800442515e-11,1,3.7393090802655085e-09
Bahrabise,precipitation,2024-06-30,1.8958166133424508,0.001510833063319887,127,0.09064998379919322
Bahrabise,temperature,2025-02-06,3.9817865602390845,3.3874927970633026e-14,1,2.0324956782379815e-12
Bahrabise,soil moisture,2024-07-04,6.9634672521812675,1.5249608565715322e-42,1,9.149765139429193e-41
Bahrabise,relative humidity,2025-04-07,4.188082261971068,1.1639943663560641e-15,1,6.983966198136384e-14
Bahrabise,dew point,2024-05-06,3.084754759505364,1.0858945006792603e-08,1,6.515367004075561e-07
Bahrabise,max wind speed,2024-07-01,2.847648979732084,1.8094689564087413e-07,163,1.0856813738452447e-05
Chisapani,precipitation,2024-06-21,1.010070403964292,0.25936087271475544,492,1.0
Chisapani,temperature,2024-03-23,1.3964432197635372,0.04047914229182268,320,1.0
Chisapani,soil moisture,2024-06-25,7.5415675924424574,7.940040114938813e-50,1,4.764024068963288e-48
Chisapani,relative humidity,2024-06-19,3.614457359422325,8.985069814516934e-12,1,5.39104188871016e-10
Chisapani,dew point,2024-05-06,4.036519413344792,1.4082679342696587e-14,1,8.449607605617953e-13
Chisapani,max wind speed,2024-09-13,1.0377703738051218,0.23169100259877806,385,1.0
