Variable,Location,u,n_peaks,xi,xi_lo,xi_hi,sigma,event_peak,above_u,return_period_yr,rate_per_yr
P,Chatara,20.80999999999999,37,0.02888695197286984,-1.1118389866776746,0.3361654210873522,23.10007816580606,131.8,True,8.865854417951308,10.145833333333332
P,Bhada Bridge,21.629999999999974,30,0.467984696282839,-0.3901922919052925,0.8638102286720483,13.858659636349696,176.9,True,6.087503790701402,8.22635135135135
P,Belsot,17.6,32,0.40686529399930316,-0.43252675990655626,0.7692625090123473,16.909379198105775,79.0,True,1.0595564823988939,8.774774774774775
P,Kusum,17.3,38,0.16906196457598277,-0.32305594606852506,0.44718950402786234,9.163651531519871,117.6,True,47.09152804419119,10.420045045045045
P,Devghat,18.7,43,-0.10976068032689568,-0.546059022114389,0.12728511771158785,21.820439190695183,139.6,True,431.92202241108595,11.791103603603602
P,Chameliya/Nayalbadi,25.21999999999998,43,0.010148731863497894,-0.37021612047698343,0.2998611583150341,13.354798046987373,10.4,False,,11.791103603603602
P,Khokana,30.7,36,0.4162085653459763,-0.0339771855111595,0.7858084494402362,9.939659474721243,164.9,True,9.500548595753836,9.871621621621621
P,Rasuwagadhi,19.619999999999983,39,-0.08009187845694071,-0.5496114332000184,0.1368512219740664,14.2896270394944,104.8,True,308.9944277954711,10.694256756756756
P,Bahrabise,28.40999999999999,35,-0.14617083439772988,-0.7305173597311067,0.08602318973639313,19.846116234059128,111.6,True,68.58546703701927,9.59740990990991
P,Chisapani,23.41999999999998,42,0.27957917309782654,-0.37744455314783626,0.5572613830212292,13.37860197911597,92.9,True,2.147218562036659,11.516891891891891
Q,Chatara,6.186239913426024,10,-0.6033490779646706,-2.3302666858891827,0.726704585166067,1.6252775828318478,10.173242054249888,True,inf,2.742117117117117
Q,Bhada Bridge,41.5955345060893,13,0.08787938502683255,-1.9304081622242895,1.8119859322245229,19.00659549463578,188.38430311231394,True,101.8547013520217,3.564752252252252
Q,Kusum,33.01162514827994,18,0.10849604647037381,-1.478510796306737,0.4236238573945802,17.5145898978322,188.36714116251483,True,101.19863867384201,4.9358108108108105
Q,Devghat,8.563032632698127,9,0.3559582986947568,-2.2842860863598773,1.0511693808142284,0.8872243966940119,12.901938333197023,True,6.883395810648138,2.4679054054054053
Q,Chameliya/Nayalbadi,7.10134370579915,8,-1.4730608918544155,-2.803910353472632,0.34801723051301914,2.519725869256207,4.4222065063649225,False,,2.1936936936936937
Q,Khokana,30.337007874015747,28,0.6443534278056176,-1.078841794268108,1.328606913728785,12.258941809386549,257.01574803149606,True,6.903895366743329,7.677927927927927
Q,Bahrabise,10.860673732021189,13,-0.24898099489466102,-2.0360420370016707,0.1467855189240551,2.24281869449224,14.61998485995458,True,2.4553999195569154,3.564752252252252
Q,Chisapani,8.318546086820609,8,-0.4042904219787987,-2.427594374836093,0.3285539566622805,2.4537843546541334,6.9618841089360375,False,,2.1936936936936937
