Variable,Location,peaks,xi_hat,profile_lo,profile_hi,hit_grid_edge,boot_lo,boot_hi,contains_zero
P,Chatara,37,0.030000000000000027,-0.4099999999999999,0.5899999999999999,False,-1.1118389866776746,0.3361654210873522,True
P,Bhada Bridge,30,0.47,0.13000000000000012,1.1,False,-0.3901922919052925,0.8638102286720483,False
P,Belsot,32,0.41000000000000014,0.10000000000000009,1.0300000000000002,False,-0.4325267599065562,0.7692625090123473,False
P,Kusum,38,0.16999999999999993,-0.10999999999999988,0.6600000000000001,False,-0.323055946068525,0.4471895040278623,True
P,Devghat,43,-0.10999999999999988,-0.34999999999999987,0.28,False,-0.546059022114389,0.1272851177115878,True
P,Chameliya/Nayalbadi,43,0.010000000000000009,-0.24,0.43999999999999995,False,-0.3702161204769834,0.2998611583150341,True
P,Khokana,36,0.41999999999999993,0.010000000000000009,1.0899999999999999,False,-0.0339771855111595,0.7858084494402362,False
P,Rasuwagadhi,39,-0.08000000000000007,-0.32000000000000006,0.31000000000000005,False,-0.5496114332000184,0.1368512219740664,True
P,Bahrabise,35,-0.1499999999999999,-0.3999999999999999,0.27,False,-0.7305173597311067,0.0860231897363931,True
P,Chisapani,42,0.28,0.06000000000000005,0.71,False,-0.3774445531478362,0.5572613830212292,False
Q,Chatara,10,-1.5,-1.5,-0.10999999999999988,True,-2.3302666858891827,0.726704585166067,False
Q,Bhada Bridge,13,0.09000000000000008,-1.37,1.5,True,-1.9304081622242892,1.8119859322245229,True
Q,Kusum,18,0.1100000000000001,-0.3999999999999999,0.94,False,-1.478510796306737,0.4236238573945802,True
Q,Devghat,9,0.3600000000000001,-0.25,1.5,True,-2.2842860863598773,1.0511693808142284,True
Q,Chameliya/Nayalbadi,8,-1.5,-1.5,-1.0899999999999999,True,-2.803910353472632,0.3480172305130191,False
Q,Khokana,28,0.6400000000000001,-0.07000000000000006,1.5,True,-1.078841794268108,1.328606913728785,True
Q,Bahrabise,13,-0.25,-0.88,0.6299999999999999,False,-2.0360420370016707,0.1467855189240551,True
Q,Chisapani,8,-1.5,-1.5,0.14000000000000012,True,-2.427594374836093,0.3285539566622805,True
