location,series,mean_Q,P_mm_yr,area_c05,area_lo,area_hi
Bahrabise,V2 file,5.051314413741598,1898.7817214339057,167.90488126535365,119.93205804668118,279.8414687755894
Bahrabise,corrected,84.0940926064227,1898.7817214339057,2795.2741559281135,1996.6243970915095,4658.79025988019
Belsot,V2 file,33.03263629574309,1330.721135175504,1566.7155132830435,1119.082509487888,2611.1925221384054
Belsot,corrected,33.03263629574309,1330.721135175504,1566.7155132830435,1119.082509487888,2611.1925221384054
Bhada Bridge,V2 file,0.6966168782673637,1463.9187266616877,30.033848733858797,21.452749095613427,50.05641455643133
Bhada Bridge,corrected,65.40617625093353,1463.9187266616877,2819.9133053831965,2014.223789559426,4699.855508971995
Chameliya/Nayalbadi,V2 file,31.39346527259149,1853.9915421956682,1068.7237747730517,763.3741248378942,1781.2062912884194
Chameliya/Nayalbadi,corrected,31.39346527259149,1853.9915421956682,1068.7237747730517,763.3741248378942,1781.2062912884194
Chatara,V2 file,1.4913442867811801,1583.2864637789398,59.45007115414434,42.46433653867453,99.08345192357392
Chatara,corrected,1828.978431665422,1583.2864637789398,72909.32004479437,52078.0857462817,121515.53340799062
Chisapani,V2 file,0.8470724421209859,1746.107766990291,30.618469037055554,21.870335026468258,51.03078172842593
Chisapani,corrected,1325.3114189693802,1746.107766990291,47905.00154221084,34217.85824443632,79841.66923701808
Devghat,V2 file,2.331277072442121,1372.5653099327853,107.20001271910651,76.57143765650466,178.66668786517752
Devghat,corrected,1608.6606049290515,1372.5653099327853,73971.66100401449,52836.90071715321,123286.10167335747
Khokana,V2 file,1.658005974607916,2471.5886482449587,42.33931838248278,30.242370273201992,70.5655306374713
Khokana,corrected,48.933577296489915,2471.5886482449587,1249.5819318382482,892.558522741606,2082.636553063747
Kusum,V2 file,125.81215832710977,1122.2913181478714,7075.399592640305,5053.856851885932,11792.332654400507
Kusum,corrected,125.81215832710977,1122.2913181478714,7075.399592640305,5053.856851885932,11792.332654400507
Rasuwagadhi,V2 file,1.4067513069454818,1521.2021471247199,58.36659529829469,41.690425213067634,97.27765883049115
Rasuwagadhi,corrected,132.86818521284542,1521.2021471247199,5512.7466781429885,3937.676198673563,9187.911130238313
