Location,lam,peak_lag,centroid,centroid_lo,centroid_hi,cum_response,cum_lo,cum_hi,w0,w1,w2,n
Chatara,0.1,1,2.011829688794983,1.71272315273227,2.7808162829952274,0.0393289650480041,0.031254444731053065,0.04820218128420335,0.00870468169690666,0.020575019309460173,0.008875551382522015,1329
Bhada Bridge,1000.0,0,3.724865213178715,2.232309271304728,4.670859508152581,0.16982312355412216,0.09558213422272889,0.24426815001221475,0.03609750032772235,0.03091219072973359,0.02227730155990163,1329
Belsot,100.0,2,2.5026522237492,1.6514800702116545,3.734648371670421,0.04921492486967675,0.03270590944466815,0.06623332005558305,0.00779009271959411,0.012592750566381681,0.016341025898091003,1329
Kusum,10.0,1,2.8547983033719455,2.194218138238758,4.021315027820855,0.18491438336098692,0.10158315138938895,0.2740576582062356,0.04105248075334657,0.08730611232759604,0.020694551047196422,1329
Devghat,100.0,1,1.8141282360186894,1.4897290075576424,2.440751388554269,0.06294935750445804,0.04511291080931229,0.07742855017155217,0.011057150959437344,0.019381434085200447,0.01857808180915657,1329
Chameliya/Nayalbadi,100.0,2,3.3306394055073563,2.3166440803832957,4.054442687479957,0.03048308836639771,0.018298143512725604,0.043525087878392134,0.0007614902147958649,0.006266007263216706,0.010041553609149101,1329
Khokana,10.0,1,1.1980781026389342,0.9714607506396236,1.9116284336667038,0.4406186467855884,0.3608172155862712,0.5759320881444128,0.13044080669503896,0.3191519091139286,-0.006333991866582295,1329
Rasuwagadhi,100.0,1,1.1472563659164816,0.9671457119614725,1.8780519590240834,0.006503951230755414,-0.003834350978524688,0.01929421438537062,0.005875450760645619,0.0104170729775297,0.009703536053752473,1329
Bahrabise,1.0,1,2.782625741647031,2.1347799338210116,3.9035030163360513,0.04946814165947216,0.027888452677974972,0.07065238782663193,0.00981307789983113,0.035950952971388485,0.0019461100446435558,1329
Chisapani,100.0,1,1.747228991453813,1.6161968514521914,2.5589581580066842,0.0380273531252888,0.027152709443262618,0.05296444541069908,0.0035166170130982726,0.015817473421732394,0.015506246045546825,1329
