h,Location,persist,within,lolo_hgb,lolo_lstm,change_hgb,change_lstm,dist,nse_persist,nse_within,nse_lolo_hgb,nse_lolo_lstm
1,Chatara,0.9958556321767604,0.9976729554273192,0.9972194974310958,0.9963430059667934,-0.0004534579962233165,-0.0013299494605257811,2.4633522932082834,0.9865802075868236,0.9919001915172964,0.9906652395577296,0.9893153784724152
1,Bhada Bridge,0.9776501203772324,0.9777246630474766,0.9712847524580666,0.9798755894844028,-0.0064399105894100694,0.0021509264369261594,3.510762857033999,0.9470989270676922,0.9357042037048618,0.9436448856828008,0.9512289079017344
1,Belsot,0.9908794819092792,0.9938216705931864,0.991531652039582,0.971444880067982,-0.002290018553604334,-0.02237679052520436,2.621156834547902,0.9557857014289908,0.9700517554074584,0.9629759849392666,0.9381159626108028
1,Kusum,0.9782312396314948,0.9823699298760245,0.9826072244026066,0.9815626406733364,0.00023729452658216577,-0.0008072892026880218,3.154890222321057,0.9355552934204874,0.942898396100926,0.9417389123460111,0.9462587150005516
1,Devghat,0.9964177007364112,0.996727728295558,0.995706726445762,0.9951592816486292,-0.0010210018497960327,-0.0015684466469287894,2.3410771168737456,0.992656362084222,0.9941278623749906,0.9929360726618118,0.98758835258607
1,Chameliya/Nayalbadi,0.9981746135366104,0.9982582011573742,0.9935649203763696,0.9939881675608304,-0.004693280781004616,-0.004270033596543765,2.7997175407178827,0.9969431445102008,0.9961356605776528,0.9820376281809696,0.9878953917971648
1,Khokana,0.9344443033632758,0.9675799378381938,0.945156591802876,0.9374918316619034,-0.022423346035317815,-0.03008810617629043,6.185273274899488,0.3178779921237772,0.7034999365718022,0.5310783178153584,0.3389665435311653
1,Rasuwagadhi,0.9975881628147188,0.9983367218200684,0.9961073115736058,0.9914236149851352,-0.0022294102464626153,-0.00691310683493318,4.019987413552553,0.9956354512642536,0.9962677164236076,0.9914023273800934,0.9960353476901754
1,Bahrabise,0.9956952257204744,0.9976519831007452,0.9971089764348424,0.9966571667264984,-0.0005430066659027899,-0.0009948163742468097,2.411821269587099,0.9818178274259458,0.9877094668824538,0.9852085917664336,0.9841816881366916
1,Chisapani,0.9976752140604908,0.9980319907956215,0.9968937538818776,0.997682194691565,-0.0011382369137439285,-0.00034979610405649897,2.4955838413496014,0.9958491298183726,0.9943061930280084,0.9889320173385604,0.9918531345811974
3,Chatara,0.9809619012538991,0.9860350104200292,0.9855804843450136,0.983290691416965,-0.0004545260750156155,-0.002744319003064155,2.4633522932082834,0.943021451037733,0.9530570411572646,0.952471543206624,0.9502789623499917
3,Bhada Bridge,0.9346116357149752,0.9405867627652544,0.944687554350942,0.956629746580936,0.0041007915856875465,0.01604298381568159,3.510762857033999,0.8413744875043561,0.8144899141958866,0.8433427779551715,0.8657302177891729
3,Belsot,0.9683947415155336,0.9756013797745436,0.9492724917338504,0.8310796323345133,-0.02632888804069322,-0.14452174744003032,2.621156834547902,0.861288676293242,0.8944086892154484,0.8611172418452782,0.6968919981050932
3,Kusum,0.9241311318936258,0.9456705421157792,0.946163761711355,0.9425472796620472,0.0004932195955758001,-0.0031232624537319564,3.154890222321057,0.7928673112694156,0.8278686835077388,0.8376445145583865,0.831922731035697
3,Devghat,0.9801351906837216,0.9791187701652316,0.9717624050654938,0.9728115336565136,-0.007356365099737805,-0.006307236508718006,2.3410771168737456,0.9682380191299232,0.9721375697563772,0.9639367468359992,0.9506133483931016
3,Chameliya/Nayalbadi,0.9900196667938028,0.9895690511060432,0.9671202214748794,0.970633155550147,-0.02244882963116379,-0.018935895555896254,2.7997175407178827,0.9854955128532394,0.9779643676434756,0.9209140647741484,0.939543352757712
3,Khokana,0.8228036737654743,0.873855306280939,0.8589469692068261,0.8342146675865054,-0.014908337074112876,-0.03964063869443357,6.185273274899488,-0.071059731724298,0.3522477681381613,0.3353837619086487,0.0550696178481634
3,Rasuwagadhi,0.9883906315448042,0.9906059286747868,0.9879437090299292,0.9453568874000876,-0.0026622196448575774,-0.0452490412746992,4.019987413552553,0.9813209486926996,0.9128804784459752,0.862682313435194,0.9799041515177932
3,Bahrabise,0.9846537515413778,0.9816753555909588,0.9805356704178668,0.9902773619018924,-0.001139685173091931,0.008602006310933663,2.411821269587099,0.9546425638801836,0.8672459964462328,0.8675851113385682,0.9662311023242022
3,Chisapani,0.9878381012503424,0.9885663300440934,0.98839309049552,0.9916427707225032,-0.00017323954857340063,0.003076440678409731,2.4955838413496014,0.981419488861716,0.9636809031665368,0.9557823377939728,0.9704559279230492
