h,location,logNSE_persist,logNSE_lolo,NSE_persist,NSE_lolo
1,Chatara,0.9954414685816162,0.9971991478351827,0.9823649716703436,0.9886637118122634
1,Bhada Bridge,0.9765555092299403,0.978651413923713,0.8320439554031505,0.8755002849236311
1,Belsot,0.9927637042287916,0.9932929461510056,0.96689539452809,0.9590381484342436
1,Kusum,0.9784323333251159,0.9823656772799272,0.739036641125789,0.8150529428164659
1,Devghat,0.9967186448722595,0.9975872113923203,0.9865277745270014,0.9907412259299582
1,Chameliya/Nayalbadi,0.997384876284081,0.9939673630429786,0.9939728636528045,0.9789922072643829
1,Khokana,0.9339907664634707,0.9442225518590528,0.4810147984549894,0.6144499561769412
1,Rasuwagadhi,0.997852754632811,0.9977094356672386,0.9935309095975001,0.9942959528730004
1,Bahrabise,0.994541442346706,0.9962706389605066,0.9740448458926756,0.9713580002057335
1,Chisapani,0.997154641666648,0.9977975110811632,0.9890582081482223,0.9886038369170295
3,Chatara,0.9785944146089074,0.9894514173248994,0.9287802464509217,0.9674943777549319
3,Bhada Bridge,0.916354141121658,0.9450446413216089,0.475855930482705,0.6982944931998947
3,Belsot,0.9705552326747735,0.9648482823475966,0.8941763306306667,0.8487256445107282
3,Kusum,0.914873420140245,0.9492217003193094,0.30443288085373477,0.5674750866533018
3,Devghat,0.9815263802799169,0.9886698963200622,0.9468096634380276,0.970977007321133
3,Chameliya/Nayalbadi,0.9851137594961281,0.9805284007366128,0.9727025096134443,0.9506597945340932
3,Khokana,0.7962243129740889,0.8478264659022858,-0.17077851447205017,0.2890561005688048
3,Rasuwagadhi,0.9893207442151554,0.9920960253992172,0.9743547927516613,0.977688635727646
3,Bahrabise,0.9808347834921675,0.9887611754113625,0.9305256441287799,0.9418339843501966
3,Chisapani,0.9848971434044286,0.9910378658812558,0.9571928546410141,0.9693799270341557
7,Chatara,0.9475383939043687,0.9759274387322595,0.8709316871108671,0.9388458253449611
7,Bhada Bridge,0.8142023627918684,0.9250696403404337,0.20990855053990365,0.6235014858644319
7,Belsot,0.9146185289739941,0.9272869389238902,0.7475583420553891,0.7766691843265139
7,Kusum,0.7766601121883155,0.8885305002634132,-0.01020076929362923,0.43507176895408006
7,Devghat,0.9427568768572927,0.9686860810455551,0.890033574093003,0.9507733796349812
7,Chameliya/Nayalbadi,0.9444600338947969,0.9681316346186323,0.9183260593018865,0.9404889656895844
7,Khokana,0.6310696424360929,0.7437476845277826,-0.30133614332324243,0.276901402898694
7,Rasuwagadhi,0.9661675053581407,0.9796086296792915,0.9343136359296682,0.9594224752545772
7,Bahrabise,0.9518779297671369,0.977912811683676,0.8840131533991344,0.9083863646233915
7,Chisapani,0.9506582804563718,0.9799188541036226,0.8995893283686732,0.9467383856735143
