Model,h=1 NSE,h=1 logNSE,h=3 NSE,h=3 logNSE,h=7 NSE,h=7 logNSE,KGE h=3
B0_persistence,0.9841990175063847,0.9957754289486175,0.9488320074589583,0.9805485459688105,0.8926811500773697,0.9442585354223716,0.9718897267592583
B1_recession,0.9843135580844269,0.9958941564484849,0.9497584348644648,0.9815625570419673,0.8947894628959114,0.9441841044638746,0.971706270385529
B2_climatology,0.7795369485832366,0.8778992845341551,0.7704090608801917,0.8756135740078063,0.7509729493959009,0.8709480417675872,0.8236701070698825
B3_ARX,0.9872559319438409,0.9967531615883878,0.9582612007671447,0.9856256004717366,0.8981799959844892,0.9524166727335555,0.9348617210294151
HGB,0.9898048291998751,0.9971898556981518,0.9036445838307119,0.9803970628780952,0.8784568145752849,0.9470742923305069,0.8915382288643852
LSTM,0.9869301114443401,0.996867418954834,0.9629612130541408,0.9868907139083516,0.9047961709316297,0.9638064901643016,0.9314948629964733
HGB_tuned,0.9889829008577271,0.9972017166266922,0.9645990343346893,0.9841370480876586,0.9222287391863779,0.9514459727305313,0.9492977755138464
LSTM_tuned,0.986714579036368,0.996547822676899,0.9431613798196539,0.9844536934197473,0.8540744653794932,0.9582794282349967,0.8944159334133532
TFT_lite,0.9869903732512479,0.9967000257184045,0.9641682728413425,0.9876182347628271,0.912162763210079,0.9658776663918398,0.9186320675716113
GRAPH_none,0.9870616388846178,0.9964046113204144,0.9633842899739362,0.98459433552386,0.9208829364162396,0.9610314109701281,0.9416850336060392
GRAPH_phys,0.9876877242134112,0.9962398728629767,0.9682570492102682,0.9862077109406205,0.9198577651723356,0.9646781813586595,0.9491464634582143
GRAPH_learned,0.9880924010103564,0.9968151431471144,0.9668724153820116,0.9874066478593733,0.9081864417141337,0.9645954794447885,0.9293341935628556
