scheme,h,model,location,n,NSE,logNSE,KGE,RMSE_log
chrono,1,B0_persistence,Bahrabise,364.0,0.9818178274259458,0.9956952257204744,0.9908910021515833,0.06813962573357724
chrono,1,B0_persistence,Belsot,364.0,0.9557857014289909,0.9908794819092791,0.9766827169735358,0.08738020395001452
chrono,1,B0_persistence,Bhada Bridge,364.0,0.9470989270676922,0.9776501203772323,0.9729337391058085,0.23192064845355229
chrono,1,B0_persistence,Chameliya/Nayalbadi,364.0,0.9969431445102007,0.9981746135366105,0.9926640450990888,0.031100870084779797
chrono,1,B0_persistence,Chatara,364.0,0.9865802075868236,0.9958556321767605,0.9929957908662276,0.059052097888061414
chrono,1,B0_persistence,Chisapani,364.0,0.9958491298183726,0.9976752140604909,0.9945714539414097,0.04460051326305753
chrono,1,B0_persistence,Devghat,364.0,0.992656362084222,0.9964177007364113,0.9960270345588111,0.07189088800012722
chrono,1,B0_persistence,Khokana,364.0,0.3178779921237772,0.9344443033632758,0.6588459763858494,0.47900709022915056
chrono,1,B0_persistence,Kusum,364.0,0.9355552934204874,0.9782312396314949,0.9656266557787095,0.21477384623914125
chrono,1,B0_persistence,Rasuwagadhi,364.0,0.9956354512642537,0.9975881628147188,0.9963022867752563,0.06893729870814402
chrono,1,B1_recession,Bahrabise,364.0,0.9818893119225691,0.9957937295729339,0.990679394866972,0.06735551282054285
chrono,1,B1_recession,Belsot,364.0,0.9558871677550882,0.9909265993296327,0.9769516311467271,0.08715420467537281
chrono,1,B1_recession,Bhada Bridge,364.0,0.947139470099076,0.9777146167957267,0.9728271505728201,0.23158577286600973
chrono,1,B1_recession,Chameliya/Nayalbadi,364.0,0.9970023940413012,0.9982553067849317,0.9926636876107369,0.030405675930206613
chrono,1,B1_recession,Chatara,364.0,0.9867378042462847,0.9959945833240359,0.992563358390807,0.058053717495005375
chrono,1,B1_recession,Chisapani,364.0,0.9959099969755303,0.9977725963612555,0.9940658839502111,0.04365639133990375
chrono,1,B1_recession,Devghat,364.0,0.992949897240385,0.9965295399305019,0.9925030760753952,0.07075977480853136
chrono,1,B1_recession,Khokana,364.0,0.3179218600053465,0.9350742343131039,0.6590247069258925,0.4767001224444253
chrono,1,B1_recession,Kusum,364.0,0.9355904176382959,0.9782930445800263,0.9655181690753898,0.21446874109090142
chrono,1,B1_recession,Rasuwagadhi,364.0,0.9956732595792737,0.997687955915896,0.9951711590583938,0.06749604468146297
chrono,1,B2_climatology,Bahrabise,364.0,0.9179719025865448,0.9194009650082773,0.8730358906919532,0.29484208435933584
chrono,1,B2_climatology,Belsot,364.0,0.6092587167891528,0.8017016447604044,0.6112453774889858,0.4074392422696629
chrono,1,B2_climatology,Bhada Bridge,364.0,0.4868157003837703,0.8705121856121356,0.5664830768765394,0.5582339851831821
chrono,1,B2_climatology,Chameliya/Nayalbadi,364.0,0.7440453705674765,0.8852863834561746,0.8383555655403243,0.24654864057424952
chrono,1,B2_climatology,Chatara,364.0,0.9143199391039369,0.9145727654220236,0.9237088217117794,0.2681046573050367
chrono,1,B2_climatology,Chisapani,364.0,0.8150285265989967,0.9482140454563764,0.7838067145436152,0.2105010974314195
chrono,1,B2_climatology,Devghat,364.0,0.9049596179946792,0.8429611801469614,0.862794546057212,0.4759884643103197
chrono,1,B2_climatology,Khokana,364.0,0.325169114898189,0.7556436174514752,0.391930279610772,0.9248015884885042
chrono,1,B2_climatology,Kusum,364.0,0.6467159917880543,0.8321178894101846,0.8176876032408253,0.5964399918400612
chrono,1,B2_climatology,Rasuwagadhi,364.0,0.9479464108198324,0.9560265391353666,0.8399627853923375,0.29435782957560314
chrono,1,B3_ARX,Bahrabise,364.0,0.9842892941418646,0.9964551243037163,0.9842294966562188,0.061833674746085227
chrono,1,B3_ARX,Belsot,364.0,0.9583932407336677,0.9918347567576943,0.9716009995369362,0.08267760031791212
chrono,1,B3_ARX,Bhada Bridge,364.0,0.9464304292574239,0.9800936166654427,0.9210119085420637,0.21887592977074544
chrono,1,B3_ARX,Chameliya/Nayalbadi,364.0,0.9972607032417923,0.9986731224557032,0.9805814869283824,0.02651615496580359
chrono,1,B3_ARX,Chatara,364.0,0.9902225697458171,0.9972286159530988,0.9876330505015025,0.04828970371203189
chrono,1,B3_ARX,Chisapani,364.0,0.995203764547923,0.9983465673422603,0.9836670388346189,0.03761331638865278
chrono,1,B3_ARX,Devghat,364.0,0.9942195656209517,0.9970511988730594,0.9886869813418206,0.06522523584271452
chrono,1,B3_ARX,Khokana,364.0,0.6825125902293478,0.9657513262684645,0.728617642692649,0.3462251424001244
chrono,1,B3_ARX,Kusum,364.0,0.9428261659093777,0.981229357569583,0.9398658063529036,0.19943625651758798
chrono,1,B3_ARX,Rasuwagadhi,364.0,0.9954683279828949,0.997927217881751,0.9777088356904757,0.06390827495174116
chrono,1,HGB,Bahrabise,364.0,0.9877094668824538,0.9976519831007453,0.9755938761513631,0.05032400083378622
chrono,1,HGB,Belsot,364.0,0.9700517554074585,0.9938216705931864,0.9641115706679796,0.07191820333746379
chrono,1,HGB,Bhada Bridge,364.0,0.9357042037048618,0.9777246630474766,0.940471639989986,0.2315335675433985
chrono,1,HGB,Chameliya/Nayalbadi,364.0,0.9961356605776528,0.9982582011573742,0.988474946098063,0.030380444594592687
chrono,1,HGB,Chatara,364.0,0.9919001915172964,0.9976729554273193,0.9933085772148844,0.044249517080329634
chrono,1,HGB,Chisapani,364.0,0.9943061930280084,0.9980319907956215,0.9928184663757438,0.041035708309301956
chrono,1,HGB,Devghat,364.0,0.9941278623749906,0.9967277282955581,0.9949889074663041,0.06870962759480079
chrono,1,HGB,Khokana,364.0,0.7034999365718022,0.9675799378381938,0.7017487832794915,0.3368555018388865
chrono,1,HGB,Kusum,364.0,0.9428983961009259,0.9823699298760245,0.9579689168387165,0.19328206869929476
chrono,1,HGB,Rasuwagadhi,364.0,0.9962677164236075,0.9983367218200685,0.9789264572333662,0.05724831564022542
chrono,1,LSTM,Bahrabise,364.0,0.9844778642664245,0.9969231751701866,0.9659933723321377,0.05760708999228348
chrono,1,LSTM,Belsot,364.0,0.9596133883392506,0.9926607000799307,0.9336251719644081,0.07838457668502666
chrono,1,LSTM,Bhada Bridge,364.0,0.9500733963234164,0.9803686539023183,0.9681363158299294,0.2173586170987423
chrono,1,LSTM,Chameliya/Nayalbadi,364.0,0.9940852216573942,0.997599051670708,0.9944558136932605,0.035668638570749506
chrono,1,LSTM,Chatara,364.0,0.9893823586222555,0.9970145670273894,0.9874423520064703,0.050119859733503094
chrono,1,LSTM,Chisapani,364.0,0.9927436704212711,0.9978423109810334,0.9710713440846777,0.042967768260919435
chrono,1,LSTM,Devghat,364.0,0.9913256923695365,0.9968116627394814,0.9660299621387762,0.06782269509568371
chrono,1,LSTM,Khokana,364.0,0.5155704488817299,0.9474639684381193,0.6780671527652736,0.4288104452180574
chrono,1,LSTM,Kusum,364.0,0.944909553816448,0.9820800269016753,0.9678690196395557,0.19486472195207272
chrono,1,LSTM,Rasuwagadhi,364.0,0.9932480658286664,0.9978555745583695,0.9481920875710919,0.0650033507377782
chrono,3,B0_persistence,Bahrabise,362.0,0.9546425638801836,0.9846537515413778,0.9770510313051236,0.1283408766375849
chrono,3,B0_persistence,Belsot,362.0,0.861288676293242,0.9683947415155336,0.9285189898574001,0.16180466177367722
chrono,3,B0_persistence,Bhada Bridge,362.0,0.8413744875043561,0.9346116357149751,0.9186934796656502,0.3942530955511095
chrono,3,B0_persistence,Chameliya/Nayalbadi,362.0,0.9854955128532394,0.9900196667938027,0.9726323368436945,0.07202714314213551
chrono,3,B0_persistence,Chatara,362.0,0.943021451037733,0.9809619012538993,0.9711471166748221,0.12627631101018197
chrono,3,B0_persistence,Chisapani,362.0,0.9814194888617161,0.9878381012503423,0.9783745658883989,0.10129578100918166
chrono,3,B0_persistence,Devghat,362.0,0.9682380191299232,0.9801351906837217,0.9833157904948127,0.16910245269012272
chrono,3,B0_persistence,Khokana,362.0,-0.07105973172429803,0.8228036737654743,0.46145007396591464,0.7870787070239362
chrono,3,B0_persistence,Kusum,362.0,0.7928673112694156,0.9241311318936258,0.8898171803828461,0.399468552428483
chrono,3,B0_persistence,Rasuwagadhi,362.0,0.9813209486926996,0.9883906315448042,0.9863377760593816,0.15103591170901645
chrono,3,B1_recession,Bahrabise,362.0,0.9552252656361382,0.9854909031928808,0.9763241185747743,0.12479123364156551
chrono,3,B1_recession,Belsot,362.0,0.8621296811591004,0.968801274930751,0.9294859375398715,0.1607606598800997
chrono,3,B1_recession,Bhada Bridge,362.0,0.8417196760654113,0.9352366693477935,0.9185396919655875,0.392364279770606
chrono,3,B1_recession,Chameliya/Nayalbadi,362.0,0.9860161192874413,0.9907255218804257,0.9727150249269761,0.06943339635241419
chrono,3,B1_recession,Chatara,362.0,0.9442916040927914,0.9820605596393455,0.9706975158440818,0.12257856811045184
chrono,3,B1_recession,Chisapani,362.0,0.981954990402269,0.9886800865855198,0.9773159573821728,0.09772647139702512
chrono,3,B1_recession,Devghat,362.0,0.9707851356134429,0.9810645544445892,0.9754622999427265,0.16509939079208363
chrono,3,B1_recession,Khokana,362.0,-0.07093820237240012,0.8210464196610721,0.46207223676500364,0.7909718045153619
chrono,3,B1_recession,Kusum,362.0,0.7931537002724894,0.9246702825981357,0.8896518114309764,0.39804664016872865
chrono,3,B1_recession,Rasuwagadhi,362.0,0.9815582927899928,0.9889845089659388,0.9834419014965056,0.14712207945188346
chrono,3,B2_climatology,Bahrabise,362.0,0.9174620391114563,0.9186010574165906,0.8693044581702328,0.29557879236240914
chrono,3,B2_climatology,Belsot,362.0,0.6004167443695193,0.7986484595768596,0.605291827600459,0.4084029165986054
chrono,3,B2_climatology,Bhada Bridge,362.0,0.4867909271123434,0.8686417101628059,0.5769229820722577,0.5587964238500889
chrono,3,B2_climatology,Chameliya/Nayalbadi,362.0,0.733019944139297,0.8825854378528066,0.8277585383659836,0.24704988176294654
chrono,3,B2_climatology,Chatara,362.0,0.9132212789973907,0.9137237971374769,0.9231066551413842,0.2688163067280025
chrono,3,B2_climatology,Chisapani,362.0,0.8077981776210863,0.9472321347783914,0.7721525676654247,0.2109965857888669
chrono,3,B2_climatology,Devghat,362.0,0.9041531138565602,0.8417476668108206,0.8603383597178266,0.47729047478467906
chrono,3,B2_climatology,Khokana,362.0,0.3239748895226443,0.7540398318398321,0.38883121787411057,0.9273062723711855
chrono,3,B2_climatology,Kusum,362.0,0.6489283910960058,0.8303705498756181,0.8195816757737815,0.5973122485358016
chrono,3,B2_climatology,Rasuwagadhi,362.0,0.9475720318777041,0.9556606711821617,0.8376275009398219,0.29516882154460955
chrono,3,B3_ARX,Bahrabise,362.0,0.9547820983706758,0.9858549483773196,0.9620208505059904,0.12321573079727548
chrono,3,B3_ARX,Belsot,362.0,0.8824170555303971,0.9753242918827413,0.9359429675006661,0.1429704120703503
chrono,3,B3_ARX,Bhada Bridge,362.0,0.7560091307945924,0.952531852762424,0.6727487895030796,0.33591238435820214
chrono,3,B3_ARX,Chameliya/Nayalbadi,362.0,0.9864625127730542,0.9936427038146387,0.9337804745581642,0.057485708950145646
chrono,3,B3_ARX,Chatara,362.0,0.9617403031636136,0.987553821444218,0.9622921664586813,0.10210055718692872
chrono,3,B3_ARX,Chisapani,362.0,0.9736527882911767,0.9924530356191612,0.9161489181173474,0.07979520883331634
chrono,3,B3_ARX,Devghat,362.0,0.9767054922298459,0.9853962525661537,0.9588668494317303,0.1449906053628771
chrono,3,B3_ARX,Khokana,362.0,0.37263295472917857,0.8752006761091621,0.48638874262072185,0.6605366552970953
chrono,3,B3_ARX,Kusum,362.0,0.7806041094227214,0.9437946437237839,0.8074350835547339,0.3438267371707838
chrono,3,B3_ARX,Rasuwagadhi,362.0,0.9810016400495092,0.9900126206272779,0.9621602634668722,0.14008824594582622
chrono,3,HGB,Bahrabise,362.0,0.8672459964462328,0.9816753555909588,0.8517200285976434,0.14024315286678127
chrono,3,HGB,Belsot,362.0,0.8944086892154484,0.9756013797745435,0.8821973423171985,0.14216542583230168
chrono,3,HGB,Bhada Bridge,362.0,0.8144899141958866,0.9405867627652544,0.7848992339323292,0.3758084002136124
chrono,3,HGB,Chameliya/Nayalbadi,362.0,0.9779643676434755,0.9895690511060433,0.9848689482844157,0.07363521813829443
chrono,3,HGB,Chatara,362.0,0.9530570411572646,0.9860350104200293,0.9746745846792526,0.10815096690896482
chrono,3,HGB,Chisapani,362.0,0.9636809031665367,0.9885663300440934,0.9372019149543154,0.09821628236234212
chrono,3,HGB,Devghat,362.0,0.9721375697563771,0.9791187701652317,0.962281596194128,0.17337470823209983
chrono,3,HGB,Khokana,362.0,0.3522477681381613,0.873855306280939,0.5482709949160747,0.6640874914230402
chrono,3,HGB,Kusum,362.0,0.8278686835077388,0.9456705421157792,0.9008791154115718,0.33804030054144046
chrono,3,HGB,Rasuwagadhi,362.0,0.9128804784459753,0.9906059286747867,0.8629067309014944,0.13586351636934513
chrono,3,LSTM,Bahrabise,362.0,0.9661958380371999,0.9915142956588159,0.953389562475139,0.09543503494708164
chrono,3,LSTM,Belsot,362.0,0.876824698359756,0.9762302903774943,0.8346148014110758,0.14032120153712815
chrono,3,LSTM,Bhada Bridge,362.0,0.8622759257135559,0.9582720962478237,0.8971338774479868,0.31494749573821434
chrono,3,LSTM,Chameliya/Nayalbadi,362.0,0.9771084002230688,0.9905787670780695,0.9807604685154862,0.06998058029149906
chrono,3,LSTM,Chatara,362.0,0.9599102351744934,0.9888347189735301,0.9532930915430825,0.09670410900093425
chrono,3,LSTM,Chisapani,362.0,0.9666262237697021,0.9908911831776694,0.928355857122774,0.08766407400856578
chrono,3,LSTM,Devghat,362.0,0.9660121909337883,0.9849467088431731,0.9346338688701726,0.14720529682577294
chrono,3,LSTM,Khokana,362.0,0.36072730159099986,0.8695626946473146,0.42883608976545085,0.6752921727291764
chrono,3,LSTM,Kusum,362.0,0.7895891412092824,0.9464270075839238,0.8866785784383072,0.33567867019920783
chrono,3,LSTM,Rasuwagadhi,362.0,0.9822489522564893,0.9919368978980267,0.9376802761262157,0.12587138288613928
chrono,7,B0_persistence,Bahrabise,358.0,0.8996221194977337,0.953982420345398,0.947877770820492,0.22130012431177246
chrono,7,B0_persistence,Belsot,358.0,0.7348259326450768,0.9253273606393887,0.8656744796866795,0.24658518205980035
chrono,7,B0_persistence,Bhada Bridge,358.0,0.6879028407601097,0.8685803355364417,0.8381187433867251,0.5522147111764472
chrono,7,B0_persistence,Chameliya/Nayalbadi,358.0,0.9419680789708895,0.9634427854713398,0.9200896571460586,0.13480151731978426
chrono,7,B0_persistence,Chatara,358.0,0.8857401806570055,0.9516685553063663,0.9426964879619211,0.2004657023660148
chrono,7,B0_persistence,Chisapani,358.0,0.9380385565439249,0.9578394562365956,0.9447959380247825,0.1859378715787851
chrono,7,B0_persistence,Devghat,358.0,0.9035593306947707,0.9368485155383769,0.9473774191077193,0.3011466102092207
chrono,7,B0_persistence,Khokana,358.0,-0.2853706842556316,0.6345842140563076,0.35240770551741873,1.1291441500069619
chrono,7,B0_persistence,Kusum,358.0,0.6371974959577036,0.83688177687444,0.7952945526618206,0.5822895057442838
chrono,7,B0_persistence,Rasuwagadhi,358.0,0.9397212395379084,0.962106486263747,0.9564315485084411,0.27233622300590865
chrono,7,B1_recession,Bahrabise,358.0,0.9021465230436837,0.9573004180838924,0.9462642302115737,0.21317269851480486
chrono,7,B1_recession,Belsot,358.0,0.738608902242267,0.9273043193132408,0.8686167499231239,0.24329911424875922
chrono,7,B1_recession,Bhada Bridge,358.0,0.6895199882137008,0.8709635448261225,0.8381583757426139,0.5471847776835742
chrono,7,B1_recession,Chameliya/Nayalbadi,358.0,0.9447620623302673,0.9668089519289049,0.9202761364446407,0.12844544719546672
chrono,7,B1_recession,Chatara,358.0,0.8874324027481393,0.9544810393667724,0.9407428062560527,0.1945455762763981
chrono,7,B1_recession,Chisapani,358.0,0.9403975230701173,0.9600070067617212,0.9427822540867546,0.18109510370842166
chrono,7,B1_recession,Devghat,358.0,0.913673540399916,0.9338871695609766,0.9341578805205248,0.30812651536686514
chrono,7,B1_recession,Khokana,358.0,-0.2857989826144711,0.6046910945629683,0.3532457099175461,1.1744216141718005
chrono,7,B1_recession,Kusum,358.0,0.6384214078083443,0.8384547208402926,0.7949126064566655,0.5794752049343247
chrono,7,B1_recession,Rasuwagadhi,358.0,0.9403053422927823,0.9636832704656655,0.9507574872583999,0.26660993986870546
chrono,7,B2_climatology,Bahrabise,358.0,0.9166536176611583,0.9170785764084424,0.8621826968848139,0.2970661352682204
chrono,7,B2_climatology,Belsot,358.0,0.5859306968329598,0.7929177800690191,0.5893054563822215,0.41063657612194665
chrono,7,B2_climatology,Bhada Bridge,358.0,0.48639496914711355,0.8648921887894727,0.5957955194808866,0.5599097425159718
chrono,7,B2_climatology,Chameliya/Nayalbadi,358.0,0.7087657089617299,0.8770038947457016,0.7924586654379344,0.24726002663789165
chrono,7,B2_climatology,Chatara,358.0,0.9113135024425716,0.912130092823596,0.9216127189646128,0.2702995204982698
chrono,7,B2_climatology,Chisapani,358.0,0.7931801898300719,0.9452518990562394,0.7459074259158556,0.21188454649666832
chrono,7,B2_climatology,Devghat,358.0,0.9035734485984455,0.8396876307481018,0.8541390989628345,0.4798104621725748
chrono,7,B2_climatology,Khokana,358.0,0.3219283812761635,0.7508280116214266,0.38422165266793384,0.9324066135343346
chrono,7,B2_climatology,Kusum,358.0,0.6565224517732036,0.8276584004589151,0.8216198481614148,0.5985256705546987
chrono,7,B2_climatology,Rasuwagadhi,358.0,0.9471368361266453,0.955004942564898,0.8322470909546582,0.29676000953465614
chrono,7,B3_ARX,Bahrabise,358.0,0.8898032407587102,0.9605914988227542,0.9193885824338238,0.20479282191800516
chrono,7,B3_ARX,Belsot,358.0,0.7822544458066568,0.9442418466443568,0.8909588403387757,0.21307888480234927
chrono,7,B3_ARX,Bhada Bridge,358.0,0.028118817254614847,0.9147088421177725,0.10518672738893509,0.44486659960265157
chrono,7,B3_ARX,Chameliya/Nayalbadi,358.0,0.9323946424507936,0.9756602709575086,0.8226811676097022,0.10999326700006798
chrono,7,B3_ARX,Chatara,358.0,0.9096933518952214,0.9606620221764018,0.9238436015630314,0.18085528612358887
chrono,7,B3_ARX,Chisapani,358.0,0.906556751210268,0.9703674499456983,0.78797028461178,0.15588318362617526
chrono,7,B3_ARX,Devghat,358.0,0.9254377763950331,0.9424710891918792,0.9159751876281117,0.28742813236569936
chrono,7,B3_ARX,Khokana,358.0,0.3298262153904419,0.7593451039996435,0.3955631190663881,0.9163324936778214
chrono,7,B3_ARX,Kusum,358.0,0.2505441164771979,0.8723614691630223,0.4218558371676937,0.5150846651970947
chrono,7,B3_ARX,Rasuwagadhi,358.0,0.9369097411871307,0.9660063916609491,0.9496880234328808,0.2579417276081892
chrono,7,HGB,Bahrabise,358.0,0.8430528947392777,0.9659700406770012,0.8504191688005883,0.19030512601607363
chrono,7,HGB,Belsot,358.0,0.8439899123267395,0.9421912081923606,0.8963608615861969,0.2169617476729106
chrono,7,HGB,Bhada Bridge,358.0,0.5221909885420689,0.9078523795672898,0.6712909552162762,0.4624021636538475
chrono,7,HGB,Chameliya/Nayalbadi,358.0,0.9357431115903168,0.9519573764686532,0.9611791644952681,0.15453312593965726
chrono,7,HGB,Chatara,358.0,0.918748982725912,0.9658036916498527,0.9448074336308466,0.16862222038432895
chrono,7,HGB,Chisapani,358.0,0.9333966256289838,0.9688804430147824,0.9043989921184831,0.15974653853663254
chrono,7,HGB,Devghat,358.0,0.9129237168238304,0.936248732957142,0.9349809748470665,0.3025733039030786
chrono,7,HGB,Khokana,358.0,0.1362342303351226,0.7491316199188462,0.514845504297403,0.9355751956721439
chrono,7,HGB,Kusum,358.0,0.7379811848353437,0.8810424923607453,0.8489663709250067,0.4972601428259954
chrono,7,HGB,Rasuwagadhi,358.0,0.9195115345961216,0.9755037192197251,0.9244039164122094,0.21896416571137212
chrono,7,LSTM,Bahrabise,358.0,0.9572382749860806,0.9833496541915874,0.9766783092773406,0.1331163499023617
chrono,7,LSTM,Belsot,358.0,0.7902506564685517,0.9468901391966342,0.7632599074887908,0.20795712540558886
chrono,7,LSTM,Bhada Bridge,358.0,0.760579324491526,0.9337121758535001,0.8225576603274619,0.39218833953555465
chrono,7,LSTM,Chameliya/Nayalbadi,358.0,0.9463826874857351,0.9748815045375795,0.9722938499872125,0.11173906759728508
chrono,7,LSTM,Chatara,358.0,0.9304575489026933,0.9735925850210991,0.9044973141886559,0.14817950393067997
chrono,7,LSTM,Chisapani,358.0,0.8791347929605662,0.9679867334129423,0.8474159597258262,0.16202414902695345
chrono,7,LSTM,Devghat,358.0,0.9429654606648576,0.959626246915661,0.9093251350553224,0.2407885094200865
chrono,7,LSTM,Khokana,358.0,0.368487589180194,0.7858431985963966,0.328500141276461,0.864413762070436
chrono,7,LSTM,Kusum,358.0,0.5759485512738474,0.8884085271734049,0.7904218698080495,0.4816185737779175
chrono,7,LSTM,Rasuwagadhi,358.0,0.971666929007798,0.9778080170186014,0.9718927829142426,0.20841118659164165
fc,1,B0_persistence,Bahrabise,213.0,0.9733576223083767,0.9871512153565952,0.9809287751961929,0.07678688651729051
fc,1,B0_persistence,Belsot,213.0,0.9599302776199126,0.983987987245633,0.9775758501502262,0.11941804721630717
fc,1,B0_persistence,Bhada Bridge,213.0,0.8853008765725102,0.9468194449493008,0.9411068920159478,0.43419593075776336
fc,1,B0_persistence,Chameliya/Nayalbadi,213.0,0.99023116715692,0.9947881365061092,0.9870776015582028,0.05971573014997076
fc,1,B0_persistence,Chatara,213.0,0.963864576445189,0.9778646208929965,0.9791388404342201,0.05754617341473846
fc,1,B0_persistence,Chisapani,213.0,0.9879922664232101,0.991922401004753,0.9859768467180864,0.05460958509906543
fc,1,B0_persistence,Devghat,213.0,0.9796189545737024,0.9887670427308812,0.9840300798466377,0.0547237229076224
fc,1,B0_persistence,Khokana,213.0,0.3359190168923444,0.7222726603488498,0.6695670974792263,0.4052665951546785
fc,1,B0_persistence,Kusum,213.0,0.8195508955849913,0.9509552973434914,0.9089821845681118,0.3649356801324783
fc,1,B0_persistence,Rasuwagadhi,213.0,0.9905972614107714,0.9933412390166446,0.9884644087397084,0.04923710599737975
fc,1,B1_recession,Bahrabise,213.0,0.9733576223083767,0.9871512153565952,0.9809287751961929,0.07678688651729051
fc,1,B1_recession,Belsot,213.0,0.9599304103395552,0.9839910725931316,0.9775683142539578,0.11940654135725115
fc,1,B1_recession,Bhada Bridge,213.0,0.8853066180449901,0.9468322844135528,0.9411004064879523,0.4341435132937823
fc,1,B1_recession,Chameliya/Nayalbadi,213.0,0.9902313715407596,0.994790884192733,0.9870375016770542,0.05969998705303907
fc,1,B1_recession,Chatara,213.0,0.9639105932976816,0.9779525628673823,0.9788523344339376,0.05743174662877681
fc,1,B1_recession,Chisapani,213.0,0.9879954037707855,0.9919434560676192,0.9857001217649943,0.0545383660091812
fc,1,B1_recession,Devghat,213.0,0.9797974462657978,0.9888901656835474,0.9827473092186642,0.05442298682574066
fc,1,B1_recession,Khokana,213.0,0.3359866894106215,0.7238036376218262,0.6697257719383768,0.40414803156915463
fc,1,B1_recession,Kusum,213.0,0.819550900376714,0.9509573316795518,0.9089821095503964,0.36492811143012793
fc,1,B1_recession,Rasuwagadhi,213.0,0.9905759525610016,0.9933350713379868,0.9882922869915504,0.04925990365902691
fc,1,B2_climatology,Bahrabise,213.0,0.6006211182608466,0.8261314795781086,0.7952443265207148,0.28246621647015635
fc,1,B2_climatology,Belsot,213.0,0.5377118500725044,0.8272523132645524,0.5290766453957481,0.39224112119476584
fc,1,B2_climatology,Bhada Bridge,213.0,0.4935591370689071,0.7809337999349633,0.744365766849644,0.8812456851853708
fc,1,B2_climatology,Chameliya/Nayalbadi,213.0,0.5089188721027702,0.7792200619599539,0.7308331329347317,0.3886619579716872
fc,1,B2_climatology,Chatara,213.0,0.4061544826822835,0.6530134830253222,0.7120723204060007,0.22783963051465494
fc,1,B2_climatology,Chisapani,213.0,0.6606208787397868,0.8270009626911067,0.7782008529295175,0.25272579742573037
fc,1,B2_climatology,Devghat,213.0,0.596608074814019,0.7853623973052217,0.7726326728337278,0.23921118711043035
fc,1,B2_climatology,Khokana,213.0,0.06698903865311034,0.3225701243341228,0.3745912482800998,0.632941633494866
fc,1,B2_climatology,Kusum,213.0,0.4501731770586699,0.7384136417872378,0.731452695419043,0.8428063901360945
fc,1,B2_climatology,Rasuwagadhi,213.0,0.7288510952103513,0.8286992166000344,0.8628601607468553,0.2497327387727826
fc,1,B3_ARX,Bahrabise,213.0,0.9701825263881758,0.9885631440769845,0.9599342959635825,0.07244515710960311
fc,1,B3_ARX,Belsot,213.0,0.9625103784375832,0.9855834442260735,0.9801130966353918,0.11331248388080906
fc,1,B3_ARX,Bhada Bridge,213.0,0.8997833449354574,0.9526364868455102,0.9331994612551321,0.4097616125944453
fc,1,B3_ARX,Chameliya/Nayalbadi,213.0,0.9910521238653782,0.9960578316855986,0.9856498774537154,0.05193496127141681
fc,1,B3_ARX,Chatara,213.0,0.9677620624225178,0.980503886009287,0.9741812210669283,0.05400661972333961
fc,1,B3_ARX,Chisapani,213.0,0.9866492084997224,0.9934379845917136,0.9773365037375081,0.049220537869627365
fc,1,B3_ARX,Devghat,213.0,0.9811353709197544,0.9906666027900519,0.9728840685442444,0.049882528141202094
fc,1,B3_ARX,Khokana,213.0,0.6356680851445736,0.831118373517231,0.7988646748150877,0.3160259111535477
fc,1,B3_ARX,Kusum,213.0,0.8596099266015276,0.9576567652967384,0.9114425908654709,0.3390878977292084
fc,1,B3_ARX,Rasuwagadhi,213.0,0.9867352312016444,0.9926163993145287,0.9605535745236615,0.051847749024928634
fc,1,HGB,Bahrabise,213.0,0.962096220015995,0.9883205826960093,0.9509070119855352,0.07320936190795095
fc,1,HGB,Belsot,213.0,0.8970348593806119,0.9807963497278003,0.9369013965770809,0.1307792659904366
fc,1,HGB,Bhada Bridge,213.0,0.8889459214314257,0.9521996658875655,0.9391404659150752,0.41164683647898415
fc,1,HGB,Chameliya/Nayalbadi,213.0,0.9885317744045344,0.9957318746680432,0.9851440580707526,0.054039436601420195
fc,1,HGB,Chatara,213.0,0.9394278315983131,0.9685541069531023,0.9626319804972218,0.0685890731739592
fc,1,HGB,Chisapani,213.0,0.9879996633788011,0.993711064719639,0.9930022496125581,0.048185491703248
fc,1,HGB,Devghat,213.0,0.9777278627794933,0.989174082303016,0.9864705385772742,0.053723084832516116
fc,1,HGB,Khokana,213.0,0.6682092609855474,0.8364162691298572,0.7551545795996795,0.31102947345284254
fc,1,HGB,Kusum,213.0,0.8718935632336674,0.9634528744069614,0.928849028469806,0.31502635391629774
fc,1,HGB,Rasuwagadhi,213.0,0.9805559582101966,0.9925744781677418,0.962629541776858,0.05199472614527902
fc,1,LSTM,Bahrabise,213.0,0.9719717669567381,0.9899131382896732,0.9497004834073665,0.06803526283197019
fc,1,LSTM,Belsot,213.0,0.95766351976885,0.9861740630556994,0.9253315975525849,0.11096711304299495
fc,1,LSTM,Bhada Bridge,213.0,0.9018490908758372,0.9521849798574255,0.9127499216464219,0.41171006798080434
fc,1,LSTM,Chameliya/Nayalbadi,213.0,0.9886078632522733,0.9956153349196541,0.9743771300578659,0.054772232549577284
fc,1,LSTM,Chatara,213.0,0.9581671032121021,0.9696426018936212,0.9688213709205655,0.06739151829746948
fc,1,LSTM,Chisapani,213.0,0.9854358695489466,0.9920269497253618,0.9887438559237671,0.05425502695867752
fc,1,LSTM,Devghat,213.0,0.9758718666003894,0.988968880599196,0.9576381586694284,0.05422984641546499
fc,1,LSTM,Khokana,213.0,0.5607932645902385,0.8116249630579165,0.7544644056546407,0.3337668239722805
fc,1,LSTM,Kusum,213.0,0.8652924731348162,0.9594498793728828,0.9119754786716512,0.33183053661993467
fc,1,LSTM,Rasuwagadhi,213.0,0.9842118408418701,0.9901019570150722,0.9599982496663122,0.06003029440616674
fc,3,B0_persistence,Bahrabise,211.0,0.9097587710754718,0.9356626415645359,0.9401969824095789,0.1656411621198786
fc,3,B0_persistence,Belsot,211.0,0.871338592121315,0.9367115412725886,0.9304543366958196,0.2332715573736931
fc,3,B0_persistence,Bhada Bridge,211.0,0.7290389363433467,0.8503004177802714,0.8602244682048691,0.7182301070719331
fc,3,B0_persistence,Chameliya/Nayalbadi,211.0,0.9534525316161417,0.9693501723197354,0.9576022563942318,0.14184284705987166
fc,3,B0_persistence,Chatara,211.0,0.8419833920413758,0.8908963220054283,0.9171216428630555,0.12453712715364083
fc,3,B0_persistence,Chisapani,211.0,0.9473827366128011,0.958057393487117,0.9539951066521454,0.12087475742803963
fc,3,B0_persistence,Devghat,211.0,0.903882966716851,0.9347414503881569,0.9408898157014468,0.1285548121942445
fc,3,B0_persistence,Khokana,211.0,-0.2679754513590269,0.24357491785378416,0.37513475869315593,0.6424795511326116
fc,3,B0_persistence,Kusum,211.0,0.49382299466614243,0.8180557523045635,0.7469846924386567,0.6884534086588655
fc,3,B0_persistence,Rasuwagadhi,211.0,0.9522240125801825,0.9545208907656525,0.9608366751374056,0.12511671950482528
fc,3,B1_recession,Bahrabise,211.0,0.9097587710754718,0.9356626415645359,0.9401969824095789,0.1656411621198786
fc,3,B1_recession,Belsot,211.0,0.8713392331187215,0.9367271927520271,0.9304361023126861,0.23324271111313857
fc,3,B1_recession,Bhada Bridge,211.0,0.7290752972254342,0.8504735651451857,0.8602149222862436,0.7178146228434411
fc,3,B1_recession,Chameliya/Nayalbadi,211.0,0.9534600790358376,0.9694665301338443,0.9574946920022163,0.14157334770263974
fc,3,B1_recession,Chatara,211.0,0.8423268621381454,0.8915246438810329,0.9166998714754907,0.12417800825504843
fc,3,B1_recession,Chisapani,211.0,0.947417402025954,0.9582991680419848,0.9532316347301841,0.12052586783372762
fc,3,B1_recession,Devghat,211.0,0.9055483553150827,0.9356830096934498,0.9383474997687042,0.1276240394347432
fc,3,B1_recession,Khokana,211.0,-0.2679775590657343,0.24268065194846655,0.37574345341619053,0.642859217182787
fc,3,B1_recession,Kusum,211.0,0.4938231773028575,0.8181947076881135,0.7469867285359719,0.6881904638805774
fc,3,B1_recession,Rasuwagadhi,211.0,0.9516120678042105,0.9542393258740546,0.9602116632225528,0.12550342582667168
fc,3,B2_climatology,Bahrabise,211.0,0.5790886647494371,0.8120081185632143,0.7859831474134924,0.2831432437644756
fc,3,B2_climatology,Belsot,211.0,0.5274957032232289,0.8195485502791956,0.5247820785692323,0.393894318721816
fc,3,B2_climatology,Bhada Bridge,211.0,0.48267248543633523,0.7724169387467971,0.7404599836699741,0.8855707822894912
fc,3,B2_climatology,Chameliya/Nayalbadi,211.0,0.48821592285236515,0.7662449777583926,0.7207902547448909,0.39171833193572725
fc,3,B2_climatology,Chatara,211.0,0.3840205825790982,0.6507234571471114,0.7124438927020028,0.22282497029960766
fc,3,B2_climatology,Chisapani,211.0,0.6439856797292669,0.8186942325511639,0.7734975145980262,0.2513122840419083
fc,3,B2_climatology,Devghat,211.0,0.5755763689632182,0.784781473819569,0.7683489730411495,0.23345837384405946
fc,3,B2_climatology,Khokana,211.0,0.03736470255046076,0.23891988222359517,0.3581722019951741,0.6444534267275728
fc,3,B2_climatology,Kusum,211.0,0.43276019815965283,0.7250607965103399,0.7236396787609983,0.846298799533213
fc,3,B2_climatology,Rasuwagadhi,211.0,0.7179427697189333,0.8238181603128455,0.8565377700377736,0.24625777104874275
fc,3,B3_ARX,Bahrabise,211.0,0.8710700265887035,0.9433829242715489,0.8845187931471097,0.15538545832543418
fc,3,B3_ARX,Belsot,211.0,0.8958000043222495,0.9497113834909076,0.9240266106096682,0.20793824446561257
fc,3,B3_ARX,Bhada Bridge,211.0,0.7285295490530337,0.8936350944207571,0.788354532939961,0.6054140442587251
fc,3,B3_ARX,Chameliya/Nayalbadi,211.0,0.9524554285915869,0.978291382018074,0.9674325953481757,0.11937393480593082
fc,3,B3_ARX,Chatara,211.0,0.8442428833364919,0.9088104065059245,0.8841333862431469,0.11385491602108791
fc,3,B3_ARX,Chisapani,211.0,0.9293380325078904,0.9670754641320246,0.8981682279036927,0.10709464073034196
fc,3,B3_ARX,Devghat,211.0,0.9063473206432883,0.9529548654641912,0.8878089014218451,0.10915081605707462
fc,3,B3_ARX,Khokana,211.0,0.07859962919696306,0.45361692973665246,0.44291774699700714,0.5460406387837653
fc,3,B3_ARX,Kusum,211.0,0.4991271416370948,0.8596569464708874,0.7351783938457166,0.6046455354542563
fc,3,B3_ARX,Rasuwagadhi,211.0,0.9244262011766652,0.9511054777720002,0.8982922806611507,0.12972971898388563
fc,3,HGB,Bahrabise,211.0,0.8015218259493933,0.9366097198813289,0.8453800561811464,0.16441748146310795
fc,3,HGB,Belsot,211.0,0.8628601869344422,0.9434493868854519,0.7988418377802806,0.22050487125076232
fc,3,HGB,Bhada Bridge,211.0,0.7602127484791954,0.8897530757482417,0.8182156589738566,0.6163629895726501
fc,3,HGB,Chameliya/Nayalbadi,211.0,0.9574448546777973,0.9784811092429007,0.9527110707334397,0.11885114270167924
fc,3,HGB,Chatara,211.0,0.7967919005700606,0.8674745165851501,0.8960789309726436,0.1372552123350798
fc,3,HGB,Chisapani,211.0,0.9282143087203648,0.9600581738758804,0.9470813191478527,0.117956496788629
fc,3,HGB,Devghat,211.0,0.8901454877571703,0.9436238388584008,0.939502416237682,0.11948609819760006
fc,3,HGB,Khokana,211.0,0.1746657789351258,0.4166480687984182,0.48065068052908755,0.5642111557540714
fc,3,HGB,Kusum,211.0,0.6284166180906949,0.9003902756883974,0.7493427012200872,0.509396854401555
fc,3,HGB,Rasuwagadhi,211.0,0.8673676492880416,0.951740593743461,0.8862684405644417,0.12888440209267657
fc,3,LSTM,Bahrabise,211.0,0.9073555929086933,0.9608605455853416,0.904709275915625,0.12919450420308445
fc,3,LSTM,Belsot,211.0,0.8568339788577601,0.9417970953759502,0.8376319285680648,0.22370302583386806
fc,3,LSTM,Bhada Bridge,211.0,0.7426134487224616,0.8905182610645637,0.7666174219621141,0.6142202860127498
fc,3,LSTM,Chameliya/Nayalbadi,211.0,0.9558973842942181,0.9819651852842319,0.9260390458525379,0.10880510281835822
fc,3,LSTM,Chatara,211.0,0.48562941003260296,0.6642579051286507,0.7895529977171841,0.2184650884413833
fc,3,LSTM,Chisapani,211.0,0.9375279829842039,0.9668511740121859,0.9572049242511033,0.1074587992921039
fc,3,LSTM,Devghat,211.0,0.8624384193327609,0.9430761369136752,0.866701788633325,0.12006510700974492
fc,3,LSTM,Khokana,211.0,0.24366346158742203,0.5281491934739688,0.5112005735588836,0.5074329922732491
fc,3,LSTM,Kusum,211.0,0.46072450318367053,0.8738010741067608,0.7006940721104151,0.5733676937460335
fc,3,LSTM,Rasuwagadhi,211.0,0.9478139684195322,0.9566611444377721,0.9255521811394476,0.1221372376784158
fc,7,B0_persistence,Bahrabise,207.0,0.6871389484044597,0.712722271789786,0.8291898406834988,0.3214508348447252
fc,7,B0_persistence,Belsot,207.0,0.5717753733842041,0.7826337502071425,0.7756052880909201,0.42071203170386884
fc,7,B0_persistence,Bhada Bridge,207.0,0.49361458833903604,0.6863282119065359,0.7407714510469244,1.0042832025240318
fc,7,B0_persistence,Chameliya/Nayalbadi,207.0,0.8248605583168527,0.8629852367409963,0.8837638335424239,0.2850547281335462
fc,7,B0_persistence,Chatara,207.0,0.5737499190463902,0.6554807536990812,0.7927275663341437,0.20739890990138976
fc,7,B0_persistence,Chisapani,207.0,0.8289813488236406,0.831901627481943,0.8788139110911081,0.22480918449163872
fc,7,B0_persistence,Devghat,207.0,0.6674808764496247,0.7307395550621095,0.8273223366193885,0.24308349642295907
fc,7,B0_persistence,Khokana,207.0,-0.39822032846901956,-0.2662215430773591,0.13831638924931577,0.8062245291188199
fc,7,B0_persistence,Kusum,207.0,0.18746698577043763,0.5437980968037589,0.6002160241120951,1.0311281147846028
fc,7,B0_persistence,Rasuwagadhi,207.0,0.7989106580613691,0.7775175624183326,0.8782389246422599,0.25681949109843716
fc,7,B1_recession,Bahrabise,207.0,0.6871389484044597,0.712722271789786,0.8291898406834988,0.3214508348447252
fc,7,B1_recession,Belsot,207.0,0.571775808530838,0.7826489958533432,0.7756069402164886,0.42069727748313623
fc,7,B1_recession,Bhada Bridge,207.0,0.4933220728771509,0.6862336834653338,0.7405893746664245,1.004434517015868
fc,7,B1_recession,Chameliya/Nayalbadi,207.0,0.8248719034112479,0.8631635534318225,0.8835640263265729,0.2848691767248572
fc,7,B1_recession,Chatara,207.0,0.5613993542384872,0.6426961249660222,0.7870694386168533,0.21121199965961884
fc,7,B1_recession,Chisapani,207.0,0.8288866399408973,0.8311541139064081,0.8771701829599892,0.22530847995397288
fc,7,B1_recession,Devghat,207.0,0.6674484893954558,0.719371648944404,0.8228005217391037,0.2481618208773375
fc,7,B1_recession,Khokana,207.0,-0.39882405442224966,-0.3072561615180558,0.13927660690525845,0.8191840861887605
fc,7,B1_recession,Kusum,207.0,0.18746753906211844,0.54429244990736,0.6002244592714826,1.0305692837631324
fc,7,B1_recession,Rasuwagadhi,207.0,0.7967420734608883,0.7759255139139238,0.8767811727789376,0.2577367325810175
fc,7,B2_climatology,Bahrabise,207.0,0.484030549996025,0.7472677051506044,0.7458111156923533,0.301504604922248
fc,7,B2_climatology,Belsot,207.0,0.4487349416548161,0.7792121780889978,0.4736216765475665,0.42401032643570274
fc,7,B2_climatology,Bhada Bridge,207.0,0.45759003266826126,0.7507468667695519,0.7311783548315202,0.8952385644417974
fc,7,B2_climatology,Chameliya/Nayalbadi,207.0,0.43972574128682695,0.7321285140693488,0.6985245955003304,0.3985729398729423
fc,7,B2_climatology,Chatara,207.0,0.2602725229907119,0.5639291487053704,0.6785362431524103,0.23333412242698026
fc,7,B2_climatology,Chisapani,207.0,0.6011941370497823,0.7867298463399681,0.757458360093371,0.25321961068862947
fc,7,B2_climatology,Devghat,207.0,0.4880766690144037,0.73298810065183,0.7386047541343366,0.2420663952657283
fc,7,B2_climatology,Khokana,207.0,-0.13044379161253716,-0.05795967526394352,0.09684085807263976,0.7369460841247066
fc,7,B2_climatology,Kusum,207.0,0.3841893326290655,0.6807033103573035,0.7019643741789467,0.8626433725689864
fc,7,B2_climatology,Rasuwagadhi,207.0,0.6684012494510807,0.7796632211852521,0.8330193203155791,0.2555780851654511
fc,7,B3_ARX,Bahrabise,207.0,0.5715146034064782,0.7491569094590187,0.7376574750916132,0.3003755995049148
fc,7,B3_ARX,Belsot,207.0,0.6481148203136144,0.8284027758187525,0.7515883572774433,0.37380405234290615
fc,7,B3_ARX,Bhada Bridge,207.0,0.0983007349468541,0.8138814176063023,0.429705973569388,0.7735944351505905
fc,7,B3_ARX,Chameliya/Nayalbadi,207.0,0.7955297553105312,0.8948251824905087,0.8829336522855754,0.24974709779853516
fc,7,B3_ARX,Chatara,207.0,0.47597643087577823,0.6816155488892677,0.7046396539756363,0.19937727234277272
fc,7,B3_ARX,Chisapani,207.0,0.7512396246601155,0.8534712067402788,0.7329553361771008,0.2098909833834747
fc,7,B3_ARX,Devghat,207.0,0.6706533153126002,0.776474443967889,0.7346037554639511,0.22147911876311338
fc,7,B3_ARX,Khokana,207.0,-0.11160813095370514,0.010338152795071665,0.1176248587316111,0.7127620564214021
fc,7,B3_ARX,Kusum,207.0,-0.131112065040504,0.6606740831315314,0.44362062429347593,0.889288339395677
fc,7,B3_ARX,Rasuwagadhi,207.0,0.6547396977683947,0.7618241324354478,0.7556024704047754,0.26572290512897473
fc,7,HGB,Bahrabise,207.0,0.7372755215942159,0.8514941525851802,0.8693785767089504,0.23111884384084708
fc,7,HGB,Belsot,207.0,0.6019878311953453,0.7943220226590181,0.637559374137447,0.4092444255163164
fc,7,HGB,Bhada Bridge,207.0,0.36386496692213666,0.804269015955707,0.6078762208495813,0.7933197361450067
fc,7,HGB,Chameliya/Nayalbadi,207.0,0.8800283753553164,0.9256995910448673,0.8828309152728061,0.20991340273911807
fc,7,HGB,Chatara,207.0,-0.3052871872839553,0.26073485973999133,0.5647867540141319,0.3038084430307854
fc,7,HGB,Chisapani,207.0,0.8584122529328699,0.8917573945164229,0.8947401579915762,0.18039787380574487
fc,7,HGB,Devghat,207.0,0.3807714803288217,0.7140617686451227,0.7214241938491106,0.2504986029859455
fc,7,HGB,Khokana,207.0,-0.1368768809023917,-0.023417214423664623,0.1563487541287023,0.7248155751419428
fc,7,HGB,Kusum,207.0,0.43268182565743174,0.7751710457532373,0.6177542872613175,0.7238693736510405
fc,7,HGB,Rasuwagadhi,207.0,0.7531741230705727,0.8462949844801521,0.8666038978974323,0.21346374949510183
fc,7,LSTM,Bahrabise,207.0,0.7704096134269114,0.868218663130989,0.8523293999543011,0.21771609368800304
fc,7,LSTM,Belsot,207.0,0.5312982893952127,0.738513288376202,0.6522519664190172,0.4614383521268298
fc,7,LSTM,Bhada Bridge,207.0,0.46517591732846386,0.8046886826747434,0.6050306351128051,0.7924688005435325
fc,7,LSTM,Chameliya/Nayalbadi,207.0,0.8807732418939763,0.9448749073224105,0.8745266257570179,0.18080866207825647
fc,7,LSTM,Chatara,207.0,-3.629080244083066,-0.7917146266437776,-0.06335300324759574,0.4729705979259796
fc,7,LSTM,Chisapani,207.0,0.7855303007724813,0.8777096176403248,0.8835487759974584,0.19174694235894638
fc,7,LSTM,Devghat,207.0,0.4932860762347001,0.7807140316541614,0.7281552201577779,0.21936867742370184
fc,7,LSTM,Khokana,207.0,0.060349599322830016,0.24926254994103858,0.21710612372558324,0.620790694864583
fc,7,LSTM,Kusum,207.0,0.09806665409104665,0.7216907360947902,0.5316470105992548,0.8053745712458047
fc,7,LSTM,Rasuwagadhi,207.0,0.8803400242211828,0.8812579851496829,0.9187833139046782,0.18762137791823885
fc26,1,B0_persistence,Bahrabise,91.0,0.9773069413677128,0.9891138455583587,0.9811641738270702,0.08378373503136341
fc26,1,B0_persistence,Belsot,91.0,0.9466818066224789,0.9779638821069903,0.9702767880077976,0.13325650362925437
fc26,1,B0_persistence,Bhada Bridge,91.0,0.8734178131407385,0.9427858672661622,0.9241472941785317,0.4541009837305085
fc26,1,B0_persistence,Chameliya/Nayalbadi,91.0,0.9917065642145166,0.993887162811054,0.9841893755972431,0.05427449248543779
fc26,1,B0_persistence,Chatara,91.0,0.968301612788135,0.9809329050656849,0.9789474234105838,0.062180593791580384
fc26,1,B0_persistence,Chisapani,91.0,0.9878921410428849,0.9892650902183423,0.9844550118046439,0.060608564248846634
fc26,1,B0_persistence,Devghat,91.0,0.9839498827449641,0.9915418418313102,0.9857201499385964,0.055244697073316064
fc26,1,B0_persistence,Khokana,91.0,0.4603973922517033,0.7605415960334606,0.730976958706529,0.4150160400272061
fc26,1,B0_persistence,Kusum,91.0,0.8712821711916803,0.9524420104791274,0.9281979672662783,0.36416592567133665
fc26,1,B0_persistence,Rasuwagadhi,91.0,0.9931411961724789,0.9952088450807581,0.9838400436479982,0.054436472161008276
fc26,1,B1_recession,Bahrabise,91.0,0.9773069413677128,0.9891138455583587,0.9811641738270702,0.08378373503136341
fc26,1,B1_recession,Belsot,91.0,0.9466824579841798,0.9779718637915098,0.9702546867644639,0.13323236807808328
fc26,1,B1_recession,Bhada Bridge,91.0,0.8734178587576761,0.9428010176019781,0.9241451042358703,0.4540408566467618
fc26,1,B1_recession,Chameliya/Nayalbadi,91.0,0.9917065642145166,0.993887162811054,0.9841893755972431,0.05427449248543779
fc26,1,B1_recession,Chatara,91.0,0.968323658300882,0.9810249585698944,0.9785126786748194,0.06203031219612488
fc26,1,B1_recession,Chisapani,91.0,0.9878921410428849,0.9892650902183423,0.9844550118046439,0.060608564248846634
fc26,1,B1_recession,Devghat,91.0,0.9839738146718731,0.9916605220363628,0.9849101184761289,0.054855746325494864
fc26,1,B1_recession,Khokana,91.0,0.4603973922517033,0.7605415960334606,0.730976958706529,0.4150160400272061
fc26,1,B1_recession,Kusum,91.0,0.8712821711916803,0.9524420104791274,0.9281979672662783,0.36416592567133665
fc26,1,B1_recession,Rasuwagadhi,91.0,0.9931411961724789,0.9952088450807581,0.9838400436479982,0.054436472161008276
fc26,1,B2_climatology,Bahrabise,91.0,0.8161614654165928,0.9046207227902917,0.8374134247951441,0.24799874602879776
fc26,1,B2_climatology,Belsot,91.0,0.5757663023507642,0.8473342255937335,0.7482305991436561,0.35074518116775494
fc26,1,B2_climatology,Bhada Bridge,91.0,-0.028195490388633226,0.711349407507425,0.11101600547682622,1.0199690877419398
fc26,1,B2_climatology,Chameliya/Nayalbadi,91.0,0.27254860298939565,0.7913045309666505,0.3600544249101638,0.3171252822903713
fc26,1,B2_climatology,Chatara,91.0,0.8322280181491424,0.9059090888942587,0.9084083684639461,0.13812949928820623
fc26,1,B2_climatology,Chisapani,91.0,0.1679427726031716,0.7607127346855865,0.37802086211686825,0.28615055325374317
fc26,1,B2_climatology,Devghat,91.0,0.9393885300359811,0.9333876811133403,0.9263807424265381,0.15503507782961276
fc26,1,B2_climatology,Khokana,91.0,0.28274037054358814,0.6254423983457088,0.40071714199114883,0.5190499435572205
fc26,1,B2_climatology,Kusum,91.0,0.5705117886300249,0.8175142316974712,0.7069915171939253,0.7133490118562218
fc26,1,B2_climatology,Rasuwagadhi,91.0,0.8598979924725663,0.8787228183385347,0.7382168527089157,0.2738794287815687
fc26,1,B3_ARX,Bahrabise,91.0,0.9777591532974488,0.9919613850316127,0.9702422015342066,0.07199678194207478
fc26,1,B3_ARX,Belsot,91.0,0.9476834661483041,0.9803374588226933,0.9666475740574108,0.125875350565718
fc26,1,B3_ARX,Bhada Bridge,91.0,0.8705024915431908,0.9499948705496575,0.894004673817913,0.42452968269317864
fc26,1,B3_ARX,Chameliya/Nayalbadi,91.0,0.9925550460958134,0.9958092822912599,0.9787491984904448,0.04493849878976461
fc26,1,B3_ARX,Chatara,91.0,0.9752030140853916,0.9861798275794319,0.9719688885618715,0.052938219606365314
fc26,1,B3_ARX,Chisapani,91.0,0.9862742192564821,0.9918001916567213,0.9791291488990681,0.05297081409172867
fc26,1,B3_ARX,Devghat,91.0,0.9856151749148789,0.9936315876065883,0.970923610698885,0.04793671669660401
fc26,1,B3_ARX,Khokana,91.0,0.7533507783491189,0.8689639947539852,0.856070682697393,0.30700479793201374
fc26,1,B3_ARX,Kusum,91.0,0.8894483056240919,0.9613157475961741,0.9184254494607424,0.32843895975376053
fc26,1,B3_ARX,Rasuwagadhi,91.0,0.9912354187957214,0.9954952204416325,0.9645858622404813,0.05278452736977221
fc26,1,HGB,Bahrabise,91.0,0.971939092449352,0.9916814933624668,0.9630381253795575,0.07323946363716949
fc26,1,HGB,Belsot,91.0,0.9460928426564655,0.9823531792237425,0.9728829849655042,0.11924882486681342
fc26,1,HGB,Bhada Bridge,91.0,0.8633480309260894,0.9436452245121012,0.8816699931658907,0.45067777870153636
fc26,1,HGB,Chameliya/Nayalbadi,91.0,0.9917220739221587,0.9953313608224819,0.9865978126723389,0.04743178969787169
fc26,1,HGB,Chatara,91.0,0.9697625190694041,0.9840083237154823,0.9811239776031707,0.05694552425045495
fc26,1,HGB,Chisapani,91.0,0.9805889320309479,0.99033480573755,0.9823083845370086,0.05750956603347235
fc26,1,HGB,Devghat,91.0,0.9890604555220154,0.9948222541696613,0.9936616988959935,0.04322381136360329
fc26,1,HGB,Khokana,91.0,0.7686922651898977,0.8777446139955871,0.7551169773354545,0.29654038085746764
fc26,1,HGB,Kusum,91.0,0.8962298274910774,0.9659069756777928,0.9478363764625041,0.30833322679699554
fc26,1,HGB,Rasuwagadhi,91.0,0.9870552022686808,0.995503000656164,0.9696643219616301,0.052738925535737696
fc26,1,LSTM,Bahrabise,91.0,0.9785036490373725,0.9919573938335043,0.9583372987075212,0.07201465302912365
fc26,1,LSTM,Belsot,91.0,0.952458702724776,0.9829865765898357,0.9760951665299444,0.11708916956278177
fc26,1,LSTM,Bhada Bridge,91.0,0.8521856976242059,0.9457152173162696,0.8593088674788064,0.44232331812590553
fc26,1,LSTM,Chameliya/Nayalbadi,91.0,0.9868189901247475,0.9935895168535064,0.9460321703182119,0.05558015300569945
fc26,1,LSTM,Chatara,91.0,0.9748329117616491,0.982502561169354,0.9756087316112342,0.05956619276623647
fc26,1,LSTM,Chisapani,91.0,0.9725746134394007,0.9859044815794152,0.9344236009877546,0.06945049146071323
fc26,1,LSTM,Devghat,91.0,0.9779937735378281,0.990201641673162,0.9339043796553756,0.05946060916686717
fc26,1,LSTM,Khokana,91.0,0.667437209431508,0.8410511614861772,0.8097025189419716,0.3381259640678297
fc26,1,LSTM,Kusum,91.0,0.8491458539119717,0.9556419524974683,0.8695435274719625,0.351701139118234
fc26,1,LSTM,Rasuwagadhi,91.0,0.9875950047524966,0.9915191287776164,0.9568717730401897,0.07242526615404087
fc26,3,B0_persistence,Bahrabise,89.0,0.9230595217285731,0.9485330806537753,0.9409267647600513,0.17818104840578858
fc26,3,B0_persistence,Belsot,89.0,0.8633084637566779,0.9247784412143665,0.9232361537966152,0.24379604704417773
fc26,3,B0_persistence,Bhada Bridge,89.0,0.6729660227115902,0.8389065726275781,0.794734762890601,0.7586384720574915
fc26,3,B0_persistence,Chameliya/Nayalbadi,89.0,0.9688351300632231,0.9684602327871965,0.9525201881758234,0.12170646215406358
fc26,3,B0_persistence,Chatara,89.0,0.8452832550420523,0.8996420954036849,0.9141070371643885,0.13873627056698876
fc26,3,B0_persistence,Chisapani,89.0,0.9554044222403943,0.9515560167320402,0.9535068815302121,0.1256630613080609
fc26,3,B0_persistence,Devghat,89.0,0.9407892246568599,0.9569123376438237,0.953557664126508,0.1232305973993062
fc26,3,B0_persistence,Khokana,89.0,-0.1442767778139289,0.4412411346315046,0.43380828930548576,0.6166173331477057
fc26,3,B0_persistence,Kusum,89.0,0.6189506058898209,0.819067938473487,0.7893484887377924,0.7036903106525704
fc26,3,B0_persistence,Rasuwagadhi,89.0,0.9638432901952967,0.964483566972641,0.9481532321541251,0.14495477530340806
fc26,3,B1_recession,Bahrabise,89.0,0.9230595217285731,0.9485330806537753,0.9409267647600513,0.17818104840578858
fc26,3,B1_recession,Belsot,89.0,0.8633116391020366,0.9248188183876446,0.9231662914365827,0.24373060625346982
fc26,3,B1_recession,Bhada Bridge,89.0,0.672966610354983,0.839109776026806,0.7947311701453476,0.7581598474380947
fc26,3,B1_recession,Chameliya/Nayalbadi,89.0,0.9688351300632231,0.9684602327871965,0.9525201881758234,0.12170646215406358
fc26,3,B1_recession,Chatara,89.0,0.8454150079089373,0.9002240095533918,0.9132582924889653,0.13833346238998664
fc26,3,B1_recession,Chisapani,89.0,0.9554044222403943,0.9515560167320402,0.9535068815302121,0.1256630613080609
fc26,3,B1_recession,Devghat,89.0,0.9409504527453991,0.9577564742569429,0.9512639107782982,0.1220175123685993
fc26,3,B1_recession,Khokana,89.0,-0.1442767778139289,0.4412411346315046,0.43380828930548576,0.6166173331477057
fc26,3,B1_recession,Kusum,89.0,0.6189506058898209,0.819067938473487,0.7893484887377924,0.7036903106525704
fc26,3,B1_recession,Rasuwagadhi,89.0,0.9638432901952967,0.964483566972641,0.9481532321541251,0.14495477530340806
fc26,3,B2_climatology,Bahrabise,89.0,0.8068539341769787,0.8985194313494075,0.8326429026633755,0.2502009010000844
fc26,3,B2_climatology,Belsot,89.0,0.5627746419580936,0.8417797847167732,0.7432155209312941,0.35357901425916927
fc26,3,B2_climatology,Bhada Bridge,89.0,-0.04729182623679007,0.7025525258884391,0.11146820219379283,1.0308633386028945
fc26,3,B2_climatology,Chameliya/Nayalbadi,89.0,0.24799008102801512,0.7812884622438894,0.3605536852208464,0.3204942509399054
fc26,3,B2_climatology,Chatara,89.0,0.822575203403428,0.9003356457258768,0.9022476616706062,0.13825605228214385
fc26,3,B2_climatology,Chisapani,89.0,0.12659177022786539,0.743409247795027,0.37633578847382443,0.2892066085827338
fc26,3,B2_climatology,Devghat,89.0,0.9384290334036812,0.9410383446116981,0.9142470151259325,0.1441540742731598
fc26,3,B2_climatology,Khokana,89.0,0.2624064955422376,0.5964540081690967,0.3800387346772719,0.5240226200952651
fc26,3,B2_climatology,Kusum,89.0,0.5594823967994498,0.8111836312899551,0.704091864040213,0.7188588534957444
fc26,3,B2_climatology,Rasuwagadhi,89.0,0.8520953252480531,0.8704113099506068,0.7306190506051681,0.2768862603813488
fc26,3,B3_ARX,Bahrabise,89.0,0.9171022278037113,0.9661506168412929,0.9273967582960948,0.14450164884867722
fc26,3,B3_ARX,Belsot,89.0,0.872653173603525,0.9431418707114119,0.9242263951422398,0.21195895930565076
fc26,3,B3_ARX,Bhada Bridge,89.0,0.5345373152750166,0.8905222256729876,0.6018578119838363,0.6254015192686573
fc26,3,B3_ARX,Chameliya/Nayalbadi,89.0,0.9670031591111512,0.9821164460202367,0.9082951428474846,0.09164553511859976
fc26,3,B3_ARX,Chatara,89.0,0.8856675816248873,0.9425715650538277,0.911879234978111,0.10494885719439684
fc26,3,B3_ARX,Chisapani,89.0,0.9276054592029757,0.9660063839579783,0.8602280820880631,0.10526558179211
fc26,3,B3_ARX,Devghat,89.0,0.9367965976588947,0.9714629367585788,0.8993420130225598,0.10028748177362892
fc26,3,B3_ARX,Khokana,89.0,0.24170629386746956,0.6244182885772191,0.502740590387814,0.5055402437410182
fc26,3,B3_ARX,Kusum,89.0,0.6233781923371455,0.8753136272052783,0.7551951182094528,0.584161997926742
fc26,3,B3_ARX,Rasuwagadhi,89.0,0.9551354331207439,0.9705871178562987,0.9219023094842874,0.1319127114298947
fc26,3,HGB,Bahrabise,89.0,0.8219279394671015,0.946520965130339,0.8746821552288011,0.18163067784310882
fc26,3,HGB,Belsot,89.0,0.876870407055568,0.9429376393480774,0.9291291412429886,0.212339290709303
fc26,3,HGB,Bhada Bridge,89.0,0.6667891831306113,0.8796965243764436,0.6845801418581202,0.6555941042960732
fc26,3,HGB,Chameliya/Nayalbadi,89.0,0.9288373122067224,0.9567331422929597,0.8676631068351666,0.1425483104178743
fc26,3,HGB,Chatara,89.0,0.8794057568746853,0.9278165296428093,0.9324874444977405,0.11766115364491747
fc26,3,HGB,Chisapani,89.0,0.8605123193323945,0.9298435662794433,0.8560871602668833,0.1512242589143222
fc26,3,HGB,Devghat,89.0,0.9643235105870618,0.9738064745471219,0.9594103914591824,0.09608134302658726
fc26,3,HGB,Khokana,89.0,0.25788342027100153,0.5740626414273577,0.49631343640482783,0.538364459441383
fc26,3,HGB,Kusum,89.0,0.7204760658991123,0.8885532755936204,0.8557241407261131,0.552277638993242
fc26,3,HGB,Rasuwagadhi,89.0,0.8853310359056544,0.9691357254820285,0.9191437953185719,0.13512816910447747
fc26,3,LSTM,Bahrabise,89.0,0.9391846282550211,0.9715218065064193,0.9386924413237524,0.13254203714213417
fc26,3,LSTM,Belsot,89.0,0.9060372462519515,0.9599999325450459,0.9459017128944052,0.17778120975477868
fc26,3,LSTM,Bhada Bridge,89.0,0.5504657564089184,0.8769895451102984,0.6371229758511491,0.6629289196741819
fc26,3,LSTM,Chameliya/Nayalbadi,89.0,0.9300403670779711,0.9664720872244065,0.8470152452359144,0.12548379821262642
fc26,3,LSTM,Chatara,89.0,0.8837317565080747,0.9309008289595161,0.9191104290179447,0.11511996300829216
fc26,3,LSTM,Chisapani,89.0,0.860493118170191,0.9381647163550271,0.8153574541596,0.14197304313265627
fc26,3,LSTM,Devghat,89.0,0.9053632018789094,0.960684670431548,0.86770543278187,0.117712625846293
fc26,3,LSTM,Khokana,89.0,0.3571523321045941,0.6658708534759118,0.5842202710326788,0.47682684494477257
fc26,3,LSTM,Kusum,89.0,0.2113667915721159,0.8428378242999953,0.5521241606318693,0.6558398802137023
fc26,3,LSTM,Rasuwagadhi,89.0,0.9641661391078108,0.9619903344906702,0.9373553774694905,0.1499563564908873
fc26,7,B0_persistence,Bahrabise,85.0,0.7626337618731683,0.7951162259398252,0.8473999076096586,0.33559648798823516
fc26,7,B0_persistence,Belsot,85.0,0.7402081914885614,0.8088126319459532,0.8497476108380877,0.3783492932021855
fc26,7,B0_persistence,Bhada Bridge,85.0,0.6047584421358064,0.696278521241799,0.6771641039089589,1.0298766018913525
fc26,7,B0_persistence,Chameliya/Nayalbadi,85.0,0.8876639411453636,0.8912027129968243,0.8824349742302825,0.21914490897163127
fc26,7,B0_persistence,Chatara,85.0,0.668617123884937,0.747765927812513,0.815553948227426,0.2027655837540721
fc26,7,B0_persistence,Chisapani,85.0,0.8691065573910189,0.8335903580617614,0.8891824881767304,0.21887381803345266
fc26,7,B0_persistence,Devghat,85.0,0.7924465711403035,0.8402065039372226,0.8718851097023488,0.22724873800419387
fc26,7,B0_persistence,Khokana,85.0,-0.4366721772579356,0.05596164979640195,0.31019489245098564,0.7563068794217718
fc26,7,B0_persistence,Kusum,85.0,0.45231021635838,0.6072649820274687,0.6696090699705501,1.0099942185268838
fc26,7,B0_persistence,Rasuwagadhi,85.0,0.8319696120976197,0.8282879737416508,0.8608347213048767,0.2996790797145314
fc26,7,B1_recession,Bahrabise,85.0,0.7626337618731683,0.7951162259398252,0.8473999076096586,0.33559648798823516
fc26,7,B1_recession,Belsot,85.0,0.7402105798668592,0.8088530102756221,0.8495624105628223,0.3783093378448984
fc26,7,B1_recession,Bhada Bridge,85.0,0.6047528425032476,0.6953025461062174,0.677147279711631,1.0315299715896897
fc26,7,B1_recession,Chameliya/Nayalbadi,85.0,0.8876639411453636,0.8912027129968243,0.8824349742302825,0.21914490897163127
fc26,7,B1_recession,Chatara,85.0,0.6680148663947761,0.7447551582691393,0.8128595337006104,0.20397214061299307
fc26,7,B1_recession,Chisapani,85.0,0.8691065573910189,0.8335903580617614,0.8891824881767304,0.21887381803345266
fc26,7,B1_recession,Devghat,85.0,0.7924437851616503,0.8397352197590958,0.8675783219261809,0.22758360733913155
fc26,7,B1_recession,Khokana,85.0,-0.4366721772579356,0.05596164979640195,0.31019489245098564,0.7563068794217718
fc26,7,B1_recession,Kusum,85.0,0.45231021635838,0.6072649820274687,0.6696090699705501,1.0099942185268838
fc26,7,B1_recession,Rasuwagadhi,85.0,0.8319696120976197,0.8282879737416508,0.8608347213048767,0.2996790797145314
fc26,7,B2_climatology,Bahrabise,85.0,0.783182295426958,0.8808276110326096,0.8224844280017388,0.2559478273247635
fc26,7,B2_climatology,Belsot,85.0,0.53159013720979,0.826005623020708,0.7312916568368784,0.36093661109777997
fc26,7,B2_climatology,Bhada Bridge,85.0,-0.09060796574637542,0.6826117262429069,0.11252136692230585,1.0527927296749502
fc26,7,B2_climatology,Chameliya/Nayalbadi,85.0,0.19010519548945115,0.7564486549280052,0.3616793695914726,0.3278820329554312
fc26,7,B2_climatology,Chatara,85.0,0.7951044996511268,0.8774690599550101,0.8865199084678068,0.1413237813888798
fc26,7,B2_climatology,Chisapani,85.0,0.02269416547886849,0.6959991896879534,0.36991131273164723,0.2958298146082157
fc26,7,B2_climatology,Devghat,85.0,0.9326429696876342,0.9393596214649643,0.89262390214409,0.13999189184208652
fc26,7,B2_climatology,Khokana,85.0,0.2181925423327563,0.5333600015298221,0.33316558640218874,0.5317337335964515
fc26,7,B2_climatology,Kusum,85.0,0.5337068692428848,0.7927238929765063,0.6972259305965026,0.7337425355219043
fc26,7,B2_climatology,Rasuwagadhi,85.0,0.8319951157720976,0.8498377097161915,0.7165385926414434,0.28024412159614337
fc26,7,B3_ARX,Bahrabise,85.0,0.7545922906106348,0.8674036957386813,0.8319715186758743,0.2699785958975622
fc26,7,B3_ARX,Belsot,85.0,0.7304910301917675,0.8592347348209506,0.856068186031433,0.32464676609679816
fc26,7,B3_ARX,Bhada Bridge,85.0,-0.20439288337676143,0.8413967611437345,0.06938462331820072,0.7442236457189962
fc26,7,B3_ARX,Chameliya/Nayalbadi,85.0,0.8611279131766421,0.9421333423450986,0.777883751605274,0.1598219967282026
fc26,7,B3_ARX,Chatara,85.0,0.6860892267595018,0.8152521052124941,0.794573549414667,0.17353301634878085
fc26,7,B3_ARX,Chisapani,85.0,0.723120223663628,0.8590105406333632,0.6319016690385907,0.2014642045185234
fc26,7,B3_ARX,Devghat,85.0,0.8396352782892502,0.9060015606360449,0.8005021258298091,0.1742939259215695
fc26,7,B3_ARX,Khokana,85.0,0.20048596075385328,0.4803200061761158,0.37378807322782903,0.561140004363028
fc26,7,B3_ARX,Kusum,85.0,-0.0037555454273747735,0.770979486955995,0.37096133294582,0.7712696929464254
fc26,7,B3_ARX,Rasuwagadhi,85.0,0.8039292230095783,0.8743510753610849,0.8338052425772011,0.2563512608578698
fc26,7,HGB,Bahrabise,85.0,0.8589262388922749,0.8827859464481175,0.8620325407509168,0.25383614712269187
fc26,7,HGB,Belsot,85.0,0.815732290854798,0.881090686760512,0.9048049489497142,0.29838106870252545
fc26,7,HGB,Bhada Bridge,85.0,-0.033369592768980105,0.762481797309238,0.31515698909902756,0.910743095917469
fc26,7,HGB,Chameliya/Nayalbadi,85.0,0.7876970526838858,0.8341247758948644,0.7897519667175776,0.27059085459856486
fc26,7,HGB,Chatara,85.0,0.7222726113237892,0.790524614536063,0.8502285790606775,0.18478166060686044
fc26,7,HGB,Chisapani,85.0,0.8032932139702953,0.816274769133261,0.8572298665288163,0.22997941855565704
fc26,7,HGB,Devghat,85.0,0.8763115783241203,0.8846985349490076,0.8568107488445076,0.19303645952224616
fc26,7,HGB,Khokana,85.0,0.02488344375382401,0.3199320647020052,0.3519180579064063,0.6419177451885514
fc26,7,HGB,Kusum,85.0,0.6867358105880397,0.7953939388205633,0.8214277049263361,0.7290013321889153
fc26,7,HGB,Rasuwagadhi,85.0,0.8188965999974125,0.8873445492710947,0.8036651895843664,0.2427348729763334
fc26,7,LSTM,Bahrabise,85.0,0.8976262536551699,0.9283183256899405,0.9356480433476813,0.19850328363719183
fc26,7,LSTM,Belsot,85.0,0.8394784698420981,0.896424919350239,0.9013727457271181,0.2784780501907115
fc26,7,LSTM,Bhada Bridge,85.0,0.17055765120113742,0.806517610154474,0.4963756506002094,0.8219930764256564
fc26,7,LSTM,Chameliya/Nayalbadi,85.0,0.7333185071140732,0.8815896475946163,0.7236100492258799,0.22862156291306868
fc26,7,LSTM,Chatara,85.0,0.745448284139435,0.820902690320519,0.8683333282957801,0.17085862081733397
fc26,7,LSTM,Chisapani,85.0,0.4923563869942389,0.7748504830557623,0.6551155947612316,0.25458926105891916
fc26,7,LSTM,Devghat,85.0,0.8542219077033287,0.911222206675072,0.8726566830870417,0.1693846707437955
fc26,7,LSTM,Khokana,85.0,0.42402845658277144,0.596464831613231,0.5172766980892824,0.4944745319896837
fc26,7,LSTM,Kusum,85.0,-0.32744754648345764,0.6868305769216672,0.3651832543339697,0.901900754053482
fc26,7,LSTM,Rasuwagadhi,85.0,0.9461794653789987,0.9181173031262223,0.9680226043724242,0.20694366634762196
lolo,1,B0_persistence,Bahrabise,364.0,0.9818178274259458,0.9956952257204744,0.9908910021515833,0.06813962573357724
lolo,1,B0_persistence,Belsot,364.0,0.9557857014289909,0.9908794819092791,0.9766827169735358,0.08738020395001452
lolo,1,B0_persistence,Bhada Bridge,364.0,0.9470989270676922,0.9776501203772323,0.9729337391058085,0.23192064845355229
lolo,1,B0_persistence,Chameliya/Nayalbadi,364.0,0.9969431445102007,0.9981746135366105,0.9926640450990888,0.031100870084779797
lolo,1,B0_persistence,Chatara,364.0,0.9865802075868236,0.9958556321767605,0.9929957908662276,0.059052097888061414
lolo,1,B0_persistence,Chisapani,364.0,0.9958491298183726,0.9976752140604909,0.9945714539414097,0.04460051326305753
lolo,1,B0_persistence,Devghat,364.0,0.992656362084222,0.9964177007364113,0.9960270345588111,0.07189088800012722
lolo,1,B0_persistence,Khokana,364.0,0.3178779921237772,0.9344443033632758,0.6588459763858494,0.47900709022915056
lolo,1,B0_persistence,Kusum,364.0,0.9355552934204874,0.9782312396314949,0.9656266557787095,0.21477384623914125
lolo,1,B0_persistence,Rasuwagadhi,364.0,0.9956354512642537,0.9975881628147188,0.9963022867752563,0.06893729870814402
lolo,1,HGB,Bahrabise,364.0,0.9852085917664336,0.9971089764348424,0.9740580748354413,0.05584063747818893
lolo,1,HGB,Belsot,364.0,0.9629759849392666,0.991531652039582,0.9606123506589579,0.08419816890734917
lolo,1,HGB,Bhada Bridge,364.0,0.9436448856828007,0.9712847524580666,0.9490061320626675,0.2628803381394813
lolo,1,HGB,Chameliya/Nayalbadi,364.0,0.9820376281809695,0.9935649203763697,0.9573375500331623,0.058394519447628385
lolo,1,HGB,Chatara,364.0,0.9906652395577297,0.9972194974310958,0.9874176402753282,0.04836908085977281
lolo,1,HGB,Chisapani,364.0,0.9889320173385604,0.9968937538818777,0.973539574940029,0.051554467224385364
lolo,1,HGB,Devghat,364.0,0.9929360726618118,0.995706726445762,0.9950186905481399,0.07870225876012182
lolo,1,HGB,Khokana,364.0,0.5310783178153584,0.9451565918028759,0.7095086974965816,0.43812591402892
lolo,1,HGB,Kusum,364.0,0.9417389123460111,0.9826072244026066,0.9597731386009201,0.19197690782822474
lolo,1,HGB,Rasuwagadhi,364.0,0.9914023273800934,0.9961073115736058,0.9710761767040093,0.08758003012366666
lolo,1,LSTM,Bahrabise,364.0,0.9841816881366916,0.9966571667264984,0.9735758037712856,0.060045699689290244
lolo,1,LSTM,Belsot,364.0,0.9381159626108029,0.971444880067982,0.8574298115032953,0.15461274610425094
lolo,1,LSTM,Bhada Bridge,364.0,0.9512289079017345,0.9798755894844027,0.9679190383800906,0.2200712987296698
lolo,1,LSTM,Chameliya/Nayalbadi,364.0,0.9878953917971649,0.9939881675608305,0.9748633736913853,0.05644150167811383
lolo,1,LSTM,Chatara,364.0,0.9893153784724152,0.9963430059667934,0.9946334251953464,0.05547129569635829
lolo,1,LSTM,Chisapani,364.0,0.9918531345811974,0.997682194691565,0.9783757952603093,0.04453350197260597
lolo,1,LSTM,Devghat,364.0,0.9875883525860699,0.9951592816486291,0.9616473991920795,0.0835695038109769
lolo,1,LSTM,Khokana,364.0,0.3389665435311653,0.9374918316619034,0.6741916582794739,0.467740644844776
lolo,1,LSTM,Kusum,364.0,0.9462587150005516,0.9815626406733364,0.9690077406102736,0.19765777639470708
lolo,1,LSTM,Rasuwagadhi,364.0,0.9960353476901754,0.9914236149851351,0.9821130419737382,0.12999672251414812
lolo,3,B0_persistence,Bahrabise,362.0,0.9546425638801836,0.9846537515413778,0.9770510313051236,0.1283408766375849
lolo,3,B0_persistence,Belsot,362.0,0.861288676293242,0.9683947415155336,0.9285189898574001,0.16180466177367722
lolo,3,B0_persistence,Bhada Bridge,362.0,0.8413744875043561,0.9346116357149751,0.9186934796656502,0.3942530955511095
lolo,3,B0_persistence,Chameliya/Nayalbadi,362.0,0.9854955128532394,0.9900196667938027,0.9726323368436945,0.07202714314213551
lolo,3,B0_persistence,Chatara,362.0,0.943021451037733,0.9809619012538993,0.9711471166748221,0.12627631101018197
lolo,3,B0_persistence,Chisapani,362.0,0.9814194888617161,0.9878381012503423,0.9783745658883989,0.10129578100918166
lolo,3,B0_persistence,Devghat,362.0,0.9682380191299232,0.9801351906837217,0.9833157904948127,0.16910245269012272
lolo,3,B0_persistence,Khokana,362.0,-0.07105973172429803,0.8228036737654743,0.46145007396591464,0.7870787070239362
lolo,3,B0_persistence,Kusum,362.0,0.7928673112694156,0.9241311318936258,0.8898171803828461,0.399468552428483
lolo,3,B0_persistence,Rasuwagadhi,362.0,0.9813209486926996,0.9883906315448042,0.9863377760593816,0.15103591170901645
lolo,3,HGB,Bahrabise,362.0,0.8675851113385682,0.9805356704178669,0.8627151018542705,0.14453852340401366
lolo,3,HGB,Belsot,362.0,0.8611172418452782,0.9492724917338505,0.919700720524801,0.20499021070173404
lolo,3,HGB,Bhada Bridge,362.0,0.8433427779551715,0.9446875543509421,0.8189380341736205,0.36260710197582796
lolo,3,HGB,Chameliya/Nayalbadi,362.0,0.9209140647741485,0.9671202214748794,0.9208539644694647,0.13073386797366957
lolo,3,HGB,Chatara,362.0,0.9524715432066241,0.9855804843450137,0.9665926938434509,0.10989689824899154
lolo,3,HGB,Chisapani,362.0,0.9557823377939727,0.9883930904955199,0.9305305095150822,0.0989575568982133
lolo,3,HGB,Devghat,362.0,0.9639367468359991,0.9717624050654938,0.9556975491856681,0.20161440498644362
lolo,3,HGB,Khokana,362.0,0.3353837619086487,0.8589469692068261,0.5563450332875253,0.7022342668458232
lolo,3,HGB,Kusum,362.0,0.8376445145583865,0.946163761711355,0.9181920021219682,0.33650238504808994
lolo,3,HGB,Rasuwagadhi,362.0,0.862682313435194,0.9879437090299291,0.7929549189787084,0.15391565130742269
lolo,3,LSTM,Bahrabise,362.0,0.9662311023242022,0.9902773619018924,0.9639867191428747,0.10215413462180023
lolo,3,LSTM,Belsot,362.0,0.6968919981050932,0.8310796323345133,0.6574543513610847,0.37406955728058405
lolo,3,LSTM,Bhada Bridge,362.0,0.8657302177891729,0.9566297465809361,0.8837183659290401,0.32108561962602306
lolo,3,LSTM,Chameliya/Nayalbadi,362.0,0.9395433527577121,0.970633155550147,0.9410333023751115,0.12355271986874526
lolo,3,LSTM,Chatara,362.0,0.9502789623499917,0.983290691416965,0.9650674924462629,0.11830125130621841
lolo,3,LSTM,Chisapani,362.0,0.9704559279230492,0.9916427707225032,0.9828855760827957,0.08396954965546465
lolo,3,LSTM,Devghat,362.0,0.9506133483931016,0.9728115336565136,0.9200611909195746,0.1978336035099908
lolo,3,LSTM,Khokana,362.0,0.055069617848163444,0.8342146675865054,0.5143340713559394,0.7613140748423914
lolo,3,LSTM,Kusum,362.0,0.831922731035697,0.9425472796620472,0.8852496906166698,0.34762106987540436
lolo,3,LSTM,Rasuwagadhi,362.0,0.9799041515177932,0.9453568874000877,0.9218829851057987,0.3276752495742063
lolo,7,B0_persistence,Bahrabise,358.0,0.8996221194977337,0.953982420345398,0.947877770820492,0.22130012431177246
lolo,7,B0_persistence,Belsot,358.0,0.7348259326450768,0.9253273606393887,0.8656744796866795,0.24658518205980035
lolo,7,B0_persistence,Bhada Bridge,358.0,0.6879028407601097,0.8685803355364417,0.8381187433867251,0.5522147111764472
lolo,7,B0_persistence,Chameliya/Nayalbadi,358.0,0.9419680789708895,0.9634427854713398,0.9200896571460586,0.13480151731978426
lolo,7,B0_persistence,Chatara,358.0,0.8857401806570055,0.9516685553063663,0.9426964879619211,0.2004657023660148
lolo,7,B0_persistence,Chisapani,358.0,0.9380385565439249,0.9578394562365956,0.9447959380247825,0.1859378715787851
lolo,7,B0_persistence,Devghat,358.0,0.9035593306947707,0.9368485155383769,0.9473774191077193,0.3011466102092207
lolo,7,B0_persistence,Khokana,358.0,-0.2853706842556316,0.6345842140563076,0.35240770551741873,1.1291441500069619
lolo,7,B0_persistence,Kusum,358.0,0.6371974959577036,0.83688177687444,0.7952945526618206,0.5822895057442838
lolo,7,B0_persistence,Rasuwagadhi,358.0,0.9397212395379084,0.962106486263747,0.9564315485084411,0.27233622300590865
lolo,7,HGB,Bahrabise,358.0,0.9000206103386554,0.9672349820610239,0.9232320145575124,0.18673467775984479
lolo,7,HGB,Belsot,358.0,0.80744829231541,0.9141448757764359,0.8834061849756849,0.2644047997222472
lolo,7,HGB,Bhada Bridge,358.0,0.4752322881231853,0.877543508621397,0.612368304710751,0.5330509247677966
lolo,7,HGB,Chameliya/Nayalbadi,358.0,0.8978692035809137,0.9358792461269022,0.9157390344337217,0.17852849415892674
lolo,7,HGB,Chatara,358.0,0.9098680627432792,0.9645925122690553,0.9322568362642699,0.17158240392236346
lolo,7,HGB,Chisapani,358.0,0.9487884475370933,0.9712685779924667,0.9712608073802175,0.15349467516208354
lolo,7,HGB,Devghat,358.0,0.9121058791452906,0.9212231886633786,0.9359928793520353,0.33634532533029193
lolo,7,HGB,Khokana,358.0,0.25027606436208627,0.7415920415623223,0.5310725735976276,0.9495299741682312
lolo,7,HGB,Kusum,358.0,0.6475798478991648,0.9038677449286971,0.8230841111552518,0.4470151962881478
lolo,7,HGB,Rasuwagadhi,358.0,0.8371711084228814,0.9561895556381016,0.8926745826824947,0.2928274598478073
lolo,7,LSTM,Bahrabise,358.0,0.9536250882383583,0.9782149755320112,0.9667255346065433,0.15226454804916156
lolo,7,LSTM,Belsot,358.0,0.08126637448788909,0.5778842735203307,0.48751776961732973,0.5862758301453954
lolo,7,LSTM,Bhada Bridge,358.0,0.7627473813413834,0.9406680157686367,0.7750562704531729,0.3710412817653356
lolo,7,LSTM,Chameliya/Nayalbadi,358.0,0.8637926704057495,0.9351385079656225,0.9283007830564989,0.1795567347415733
lolo,7,LSTM,Chatara,358.0,0.901541360047484,0.9556323327412566,0.9005195145169956,0.19206953680217326
lolo,7,LSTM,Chisapani,358.0,0.9376395811504523,0.9746669900811346,0.9678271754206591,0.14413124900980798
lolo,7,LSTM,Devghat,358.0,0.9275901000174309,0.9262998538102203,0.9059748572761483,0.325327197191123
lolo,7,LSTM,Khokana,358.0,-0.0002671221336265628,0.6693678899157112,0.4704243036969421,1.0740592781575786
lolo,7,LSTM,Kusum,358.0,0.7407174395689857,0.8828964732827695,0.7865459402973659,0.4933699677961113
lolo,7,LSTM,Rasuwagadhi,358.0,0.9193877459714606,0.8391569654810226,0.7689696758378373,0.561079110675484
lomo,1,B0_persistence,Bahrabise,457.0,0.9262842513270916,0.9703176330737989,0.9613139693097685,0.12810810196516928
lomo,1,B0_persistence,Belsot,457.0,0.9532713663168808,0.9847641101636406,0.9746021056689922,0.12162818761161716
lomo,1,B0_persistence,Bhada Bridge,457.0,0.7332450379239,0.9518815219992908,0.8660797286662819,0.4276129588733899
lomo,1,B0_persistence,Chameliya/Nayalbadi,457.0,0.9869371759735407,0.9936399665875972,0.9876670693377088,0.06714163209522259
lomo,1,B0_persistence,Chatara,457.0,0.9344500885145696,0.9654008233156139,0.9652873121899737,0.08610520398050442
lomo,1,B0_persistence,Chisapani,457.0,0.9669566837422382,0.9886635980134734,0.9798465632924364,0.07280704261991017
lomo,1,B0_persistence,Devghat,457.0,0.9549842046012028,0.9829321160068012,0.9752401434520335,0.08009469425110265
lomo,1,B0_persistence,Khokana,457.0,0.31702265486732195,0.7723030714830672,0.6592346461054623,0.4867944896433367
lomo,1,B0_persistence,Kusum,457.0,0.591287562378831,0.9592151130624369,0.7956493872008685,0.3900705818523884
lomo,1,B0_persistence,Rasuwagadhi,457.0,0.9775726308709916,0.9872154675286497,0.9838188337659739,0.06919878194400188
lomo,1,B1_recession,Bahrabise,457.0,0.926296244678998,0.9703221802783164,0.9612820867790519,0.12809828879808732
lomo,1,B1_recession,Belsot,457.0,0.953285701950358,0.9847833120608257,0.9745663318069225,0.12155151902508758
lomo,1,B1_recession,Bhada Bridge,457.0,0.7332538944996815,0.9519043729994056,0.8660805685048057,0.42751141218552885
lomo,1,B1_recession,Chameliya/Nayalbadi,457.0,0.9869451721040218,0.9936540864477864,0.9875368085331246,0.06706706037836299
lomo,1,B1_recession,Chatara,457.0,0.9344909883086759,0.9654719112645936,0.96509067600347,0.08601670202376605
lomo,1,B1_recession,Chisapani,457.0,0.9669690912837074,0.988634278114317,0.9793431056639457,0.07290113405496433
lomo,1,B1_recession,Devghat,457.0,0.9553558898026808,0.9831261347924599,0.9748391279379298,0.07963815580666277
lomo,1,B1_recession,Khokana,457.0,0.3170339227091412,0.7725189240618847,0.6592791246838979,0.48656369873864563
lomo,1,B1_recession,Kusum,457.0,0.5913014275386567,0.9592439072079961,0.7956549853688518,0.3899328625516794
lomo,1,B1_recession,Rasuwagadhi,457.0,0.9775164600482288,0.9871600437700756,0.9836592614945504,0.06934861569460157
lomo,1,B2_climatology,Bahrabise,457.0,0.6693070650361335,0.8158760257232838,0.8304613367229358,0.31906745063310293
lomo,1,B2_climatology,Belsot,457.0,0.3962036575008867,0.7269385682434744,0.5858938302106402,0.5149090262195134
lomo,1,B2_climatology,Bhada Bridge,457.0,0.13548593687907962,0.7248061772642207,0.4752010288854126,1.0226199420262991
lomo,1,B2_climatology,Chameliya/Nayalbadi,457.0,0.5997217967962128,0.8012258309857635,0.7809991484738885,0.37535496826487197
lomo,1,B2_climatology,Chatara,457.0,0.512786253412323,0.7039298469576836,0.6778691944559461,0.2518800853178004
lomo,1,B2_climatology,Chisapani,457.0,0.6671121294264906,0.8135153881929753,0.82992842723849,0.2952958015375617
lomo,1,B2_climatology,Devghat,457.0,0.5297902809619495,0.7482149823622195,0.7159367043688853,0.3076301156081931
lomo,1,B2_climatology,Khokana,457.0,-0.0006631615609744568,0.36436899998821326,0.011312157708511905,0.8133352634786978
lomo,1,B2_climatology,Kusum,457.0,-0.0289286732322922,0.6401095631604593,0.30087708687110637,1.1587205787724797
lomo,1,B2_climatology,Rasuwagadhi,457.0,0.6829297609967986,0.7875287427364592,0.8410788461306564,0.2821019697314328
lomo,1,B3_ARX,Bahrabise,457.0,0.9344263325262387,0.9748640398293381,0.9604497937546922,0.11788948536594027
lomo,1,B3_ARX,Belsot,457.0,0.9553345995477958,0.9867637411563459,0.976256684371703,0.11336603286236585
lomo,1,B3_ARX,Bhada Bridge,457.0,0.7732697816751926,0.9571468859534374,0.8836862470139956,0.40353955469008623
lomo,1,B3_ARX,Chameliya/Nayalbadi,457.0,0.9882664201872113,0.9950612839826941,0.9798005746688105,0.059165593118524804
lomo,1,B3_ARX,Chatara,457.0,0.9443546922416005,0.9727657247038435,0.9647863723121377,0.07639315195522207
lomo,1,B3_ARX,Chisapani,457.0,0.971698641266876,0.9914982053499148,0.9780240014141028,0.06305086910275376
lomo,1,B3_ARX,Devghat,457.0,0.9585697998164096,0.987460610572186,0.9617074620767146,0.06865182737405968
lomo,1,B3_ARX,Khokana,457.0,0.6461339127810435,0.8560249887234335,0.7901112297094384,0.38708881988806215
lomo,1,B3_ARX,Kusum,457.0,0.6425190309610687,0.965728020797944,0.8229625905271656,0.3575717167359815
lomo,1,B3_ARX,Rasuwagadhi,457.0,0.974644945952159,0.9870513446393163,0.9642665688130146,0.06964153910503847
lomo,1,HGB,Bahrabise,457.0,0.9449598913164989,0.9796438004071533,0.9721879925202858,0.10609030117551214
lomo,1,HGB,Belsot,457.0,0.933801022118225,0.9851128125287096,0.9354959931382307,0.12022828499496799
lomo,1,HGB,Bhada Bridge,457.0,0.7904687496572479,0.9605271331857131,0.8513676719406001,0.38729710589010813
lomo,1,HGB,Chameliya/Nayalbadi,457.0,0.9788426116068031,0.9930056669233409,0.9798587796248343,0.0704101631038381
lomo,1,HGB,Chatara,457.0,0.9554235360538083,0.9782700492569194,0.972316063272295,0.06823793700131428
lomo,1,HGB,Chisapani,457.0,0.9716479727078102,0.9916575660321921,0.9856364372335251,0.06245714968878708
lomo,1,HGB,Devghat,457.0,0.9714707477155643,0.9901213728541406,0.9820882234944054,0.06093435292801866
lomo,1,HGB,Khokana,457.0,0.5820338267262819,0.85666321903456,0.7019126906721112,0.38622989925042506
lomo,1,HGB,Kusum,457.0,0.6863643618022807,0.9693496042938129,0.7891694854948139,0.3381517269128023
lomo,1,HGB,Rasuwagadhi,457.0,0.9852716727527795,0.9924006831267401,0.9874392282292427,0.053351090595082536
lomo,3,B0_persistence,Bahrabise,455.0,0.7864752279042337,0.8879624340405097,0.8904243902004657,0.23806967658957545
lomo,3,B0_persistence,Belsot,455.0,0.848898322134759,0.935455727210578,0.9203128292978442,0.24634066541361824
lomo,3,B0_persistence,Bhada Bridge,455.0,0.16044924362448076,0.8251529162414747,0.5814480846950878,0.8032227406659916
lomo,3,B0_persistence,Chameliya/Nayalbadi,455.0,0.9394372589659042,0.9625603148185619,0.9570999523717041,0.159524178967226
lomo,3,B0_persistence,Chatara,455.0,0.7215896930501136,0.8233098645275907,0.8613781212277334,0.18635010562882276
lomo,3,B0_persistence,Chisapani,455.0,0.8673277342617998,0.9397697759753781,0.9271411542208331,0.16297008207782213
lomo,3,B0_persistence,Devghat,455.0,0.8178142887137622,0.9066303806080716,0.9061073552356222,0.18067099602231634
lomo,3,B0_persistence,Khokana,455.0,-0.6980001630105299,0.2593226954460093,0.15670439394020363,0.8383778024936617
lomo,3,B0_persistence,Kusum,455.0,-0.10354848917147641,0.8332876025956097,0.4517524319548075,0.776538432859599
lomo,3,B0_persistence,Rasuwagadhi,455.0,0.9070423869714572,0.923580990491567,0.9432113919717658,0.16211521989990837
lomo,3,B1_recession,Bahrabise,455.0,0.7865634247905506,0.887996207970142,0.8903756428931204,0.2380337906146941
lomo,3,B1_recession,Belsot,455.0,0.8490390962723932,0.9355642254205511,0.9202736067644858,0.24613353035962418
lomo,3,B1_recession,Bhada Bridge,455.0,0.16049274556839266,0.8253608423028768,0.58148742892288,0.8027450071553656
lomo,3,B1_recession,Chameliya/Nayalbadi,455.0,0.9395038864118771,0.9626665370738601,0.9567931915102197,0.15929772067864173
lomo,3,B1_recession,Chatara,455.0,0.7219627235315071,0.8240104823808783,0.8613297969417667,0.18598027770004724
lomo,3,B1_recession,Chisapani,455.0,0.8673497136692492,0.939238954117747,0.9260418373031724,0.16368665183047465
lomo,3,B1_recession,Devghat,455.0,0.8203596889219346,0.9079736817901767,0.9062205060404,0.17936663808036796
lomo,3,B1_recession,Khokana,455.0,-0.697998776794128,0.2605260391554266,0.15695085802937725,0.8376964890915422
lomo,3,B1_recession,Kusum,455.0,-0.10344655660208524,0.8335354687443212,0.45181999631661907,0.7759609437517104
lomo,3,B1_recession,Rasuwagadhi,455.0,0.9062759708520336,0.9228553097490584,0.9425839043462467,0.16288313041925548
lomo,3,B2_climatology,Bahrabise,455.0,0.648588156356653,0.8000917748727987,0.8207594126381211,0.31800765993472013
lomo,3,B2_climatology,Belsot,455.0,0.3821084194086861,0.7162103719257562,0.5760007993145291,0.5165418499671076
lomo,3,B2_climatology,Bhada Bridge,455.0,0.1160129363639335,0.7132567943459076,0.4621633230902237,1.0286162171015856
lomo,3,B2_climatology,Chameliya/Nayalbadi,455.0,0.5838089892645959,0.7905899583601441,0.7723853654487972,0.3772759970783663
lomo,3,B2_climatology,Chatara,455.0,0.4876545739905389,0.6822498762644009,0.6598932970025143,0.24990005722189484
lomo,3,B2_climatology,Chisapani,455.0,0.6495938048462824,0.8007338417195571,0.8210765113798385,0.2964267681093689
lomo,3,B2_climatology,Devghat,455.0,0.49767527791033894,0.7253710701463082,0.6959084238957947,0.30985519854370086
lomo,3,B2_climatology,Khokana,455.0,-0.011989563487858623,0.31754604121738095,0.0011483424904576989,0.8047517523933396
lomo,3,B2_climatology,Kusum,455.0,-0.04836319277759449,0.6262499272109596,0.2874022556418456,1.1627052927809203
lomo,3,B2_climatology,Rasuwagadhi,455.0,0.6616868490963159,0.7678255911883702,0.8308325617839172,0.2825727392921495
lomo,3,B3_ARX,Bahrabise,455.0,0.7902627536094602,0.9089784716212732,0.8827328209779769,0.2145825051837319
lomo,3,B3_ARX,Belsot,455.0,0.869563392781079,0.9508369135330662,0.9341026601274078,0.2149942397788661
lomo,3,B3_ARX,Bhada Bridge,455.0,0.3384743401951078,0.8667596711125355,0.6579288755461097,0.7011721324159208
lomo,3,B3_ARX,Chameliya/Nayalbadi,455.0,0.9434544115548469,0.9736705759469406,0.9494925893489825,0.13377689251211572
lomo,3,B3_ARX,Chatara,455.0,0.7752796709299655,0.8756380596629855,0.8858075522908002,0.15633896630089544
lomo,3,B3_ARX,Chisapani,455.0,0.887311452216003,0.9590319042403056,0.9298608586922118,0.13440750952233554
lomo,3,B3_ARX,Devghat,455.0,0.811025892196276,0.9337719086215202,0.8837021288961937,0.15216219489918623
lomo,3,B3_ARX,Khokana,455.0,-0.019220151465436208,0.4888417353967224,0.17534577142233343,0.696470852653172
lomo,3,B3_ARX,Kusum,455.0,0.09128160979500821,0.8698948774557925,0.5175093678217084,0.6860032994462583
lomo,3,B3_ARX,Rasuwagadhi,455.0,0.8823925984885395,0.9245286545463813,0.8997617868370288,0.16110689727409938
lomo,3,HGB,Bahrabise,455.0,0.8169835723237471,0.921586593280092,0.9003011419243437,0.19916701325116498
lomo,3,HGB,Belsot,455.0,0.7874895173632478,0.9297482897551048,0.8128450230678681,0.25700152767634094
lomo,3,HGB,Bhada Bridge,455.0,0.3375205662278199,0.8910280278140978,0.56842399791367,0.6341094193855054
lomo,3,HGB,Chameliya/Nayalbadi,455.0,0.9380718965615054,0.9690055101551894,0.9443009787533034,0.1451451973460033
lomo,3,HGB,Chatara,455.0,0.7540366121645325,0.8600285299857374,0.8496931944327586,0.165860608072277
lomo,3,HGB,Chisapani,455.0,0.8753071487480963,0.948579898433253,0.9284767406803439,0.15057993664697225
lomo,3,HGB,Devghat,455.0,0.8556627564806228,0.9400602477182869,0.9218037568839584,0.14475818073925154
lomo,3,HGB,Khokana,455.0,0.06867429047884988,0.4636275358954628,0.10820137434032517,0.7134416994357585
lomo,3,HGB,Kusum,455.0,0.2409712679271665,0.8979221730794434,0.4501094230929503,0.6076377045988357
lomo,3,HGB,Rasuwagadhi,455.0,0.8958676923914772,0.9350228213977604,0.9478787023582892,0.14948702965339408
lomo,7,B0_persistence,Bahrabise,451.0,0.594687748312169,0.6646520021753665,0.7952788558067064,0.3692700357435976
lomo,7,B0_persistence,Belsot,451.0,0.5755345280987907,0.79271129769952,0.782628595071597,0.42800557929710803
lomo,7,B0_persistence,Bhada Bridge,451.0,-0.30316426584989564,0.5879084521593976,0.36052005017085964,1.190086571069355
lomo,7,B0_persistence,Chameliya/Nayalbadi,451.0,0.8078989977341421,0.8465974146784118,0.8854386657379054,0.30741595774205227
lomo,7,B0_persistence,Chatara,451.0,0.44008412372853123,0.5022996803546049,0.7330083951259256,0.28043912874463406
lomo,7,B0_persistence,Chisapani,451.0,0.6682162754750202,0.7721600759800069,0.8276981682149601,0.2947103501970592
lomo,7,B0_persistence,Devghat,451.0,0.5999836845507427,0.6795373086434614,0.8007577297986146,0.3039624606165263
lomo,7,B0_persistence,Khokana,451.0,-0.840993234912867,-0.3404561862870352,0.050311155949150255,1.0400480485398362
lomo,7,B0_persistence,Kusum,451.0,-0.6551427070126947,0.5263012465047922,0.18989643987475657,1.261545215889757
lomo,7,B0_persistence,Rasuwagadhi,451.0,0.7308461433027056,0.6809088008048892,0.8505102449419686,0.29676275118124734
lomo,7,B1_recession,Bahrabise,451.0,0.594812715595078,0.6627103067578831,0.7951142431697538,0.37033754627977866
lomo,7,B1_recession,Belsot,451.0,0.5752492226557635,0.7926800121117217,0.7822993829004994,0.4280378770074349
lomo,7,B1_recession,Bhada Bridge,451.0,-0.3045840218202933,0.5879849481101109,0.35991442909101123,1.18997610892895
lomo,7,B1_recession,Chameliya/Nayalbadi,451.0,0.8081446059388198,0.846487603358092,0.8849397504456163,0.30752596799067844
lomo,7,B1_recession,Chatara,451.0,0.4360187179105588,0.48868429778595446,0.7311213838445587,0.2842491759315444
lomo,7,B1_recession,Chisapani,451.0,0.6667333085269418,0.7639876220571864,0.8250910998703195,0.29994930863591945
lomo,7,B1_recession,Devghat,451.0,0.5999610258176256,0.6608569794637389,0.7988749029444797,0.3126962374510768
lomo,7,B1_recession,Khokana,451.0,-0.8411550137726629,-0.3734596476270473,0.05066811167947949,1.0527737410576796
lomo,7,B1_recession,Kusum,451.0,-0.6554592844473932,0.5271137821803666,0.18981960668907816,1.2604627869921905
lomo,7,B1_recession,Rasuwagadhi,451.0,0.7280712963370954,0.6772504818741449,0.8488707237058749,0.29845906684927653
lomo,7,B2_climatology,Bahrabise,451.0,0.5832392997393994,0.7506681580348782,0.7911641429396422,0.31840881486254136
lomo,7,B2_climatology,Belsot,451.0,0.32788920590343607,0.6845027910444239,0.5271586953557745,0.5280309448499609
lomo,7,B2_climatology,Bhada Bridge,451.0,0.07492397513009441,0.68575709477819,0.4384100918016024,1.039236619972155
lomo,7,B2_climatology,Chameliya/Nayalbadi,451.0,0.5484674596965171,0.7644588300001279,0.7538353801129736,0.3809285137089102
lomo,7,B2_climatology,Chatara,451.0,0.4051592920020122,0.6016220327368769,0.6121435364061283,0.25090094958953923
lomo,7,B2_climatology,Chisapani,451.0,0.6102526797908585,0.7670228390506316,0.8026532883191365,0.29801433114137366
lomo,7,B2_climatology,Devghat,451.0,0.4173475611208317,0.6585136830443704,0.6528432020616127,0.3137746594929499
lomo,7,B2_climatology,Khokana,451.0,-0.06305568068662315,0.16469535517583855,-0.06276500702781251,0.8210120663852083
lomo,7,B2_climatology,Kusum,451.0,-0.09140212515663748,0.591132391829345,0.25991518713984585,1.1720416707616041
lomo,7,B2_climatology,Rasuwagadhi,451.0,0.6058613730755311,0.70884186962192,0.8059769318927809,0.28347609172382787
lomo,7,B3_ARX,Bahrabise,451.0,0.5460415879618111,0.7436320112330681,0.7568695868411155,0.32287030779919823
lomo,7,B3_ARX,Belsot,451.0,0.6139783570474956,0.8408864627226157,0.7958964330535325,0.3749861084145564
lomo,7,B3_ARX,Bhada Bridge,451.0,-0.22108763858593194,0.7394053879299887,0.44285215531679556,0.9463775234584348
lomo,7,B3_ARX,Chameliya/Nayalbadi,451.0,0.78681571203258,0.8928896269530129,0.8622445525172102,0.25687736291707197
lomo,7,B3_ARX,Chatara,451.0,0.4813110361006714,0.6001687977179465,0.7509698757671128,0.2513581612836599
lomo,7,B3_ARX,Chisapani,451.0,0.6812064315122596,0.8446556799054512,0.8223392053575199,0.24334821459505676
lomo,7,B3_ARX,Devghat,451.0,0.5602485877378687,0.7529026732854698,0.7742009740559913,0.2669102408092514
lomo,7,B3_ARX,Khokana,451.0,-0.08069679595956036,0.1739540073165038,-0.04699120111633448,0.8164492720236053
lomo,7,B3_ARX,Kusum,451.0,-0.32410984037640556,0.6809413784654617,0.30357788433609445,1.035349414604282
lomo,7,B3_ARX,Rasuwagadhi,451.0,0.5830344580118818,0.6980189172224087,0.7480851036779014,0.28869671655547646
lomo,7,HGB,Bahrabise,451.0,0.6602666878098573,0.805630342030413,0.8183155773555851,0.28113210523328824
lomo,7,HGB,Belsot,451.0,0.6142464367770731,0.801937359767919,0.730863034099122,0.418372274337639
lomo,7,HGB,Bhada Bridge,451.0,0.05581226474050127,0.8219357786551893,0.34218502961633124,0.7822940616862814
lomo,7,HGB,Chameliya/Nayalbadi,451.0,0.7614827143186005,0.8810003530946902,0.8676898921855072,0.27075900196123664
lomo,7,HGB,Chatara,451.0,0.48096204255731256,0.594060581922673,0.6919267521997802,0.2532708814147316
lomo,7,HGB,Chisapani,451.0,0.6964092475028227,0.8425946336920224,0.8208312496803596,0.24495721859260397
lomo,7,HGB,Devghat,451.0,0.5698966078487586,0.745484621852542,0.7640834867814187,0.27088704003378217
lomo,7,HGB,Khokana,451.0,-0.055605826763390986,0.19443536340587186,-0.047432089574615866,0.8062640360800792
lomo,7,HGB,Kusum,451.0,-0.015599848810004424,0.7757038916062995,0.20713118123557805,0.8680856343057866
lomo,7,HGB,Rasuwagadhi,451.0,0.6801578623836908,0.7535769999714781,0.8417882204403697,0.26079099768660563
