h,Group,dMSE_mean,dMSE_sd,rel_increase_pct
1,flow lags,0.02375666048498832,0.0014796255641152537,105.72357748884917
1,current rain,0.020619916512853532,0.0024522973358005917,91.7642167188358
1,antecedent rain,0.0005383303224396109,0.00016108797803591929,2.39571582862015
1,soil moisture,0.0002608458769410526,0.00018181446766169635,1.1608348446470527
1,"temperature, humidity, snow",0.004791591232535937,0.0005683015708550692,21.323879561608027
1,season,0.0012290513475426298,0.0003220457570884536,5.469611583741147
1,site & elevation,0.005206277015196645,0.0003614642414528562,23.169343679107072
3,flow lags,0.08061305039379099,0.0058044222454136304,99.31660776058519
3,current rain,0.017031043110140347,0.003250326663247329,20.982526030967637
3,antecedent rain,0.00195924173807475,0.0012001727296515044,2.413818138105397
3,soil moisture,-0.0016448743545732392,0.0005105037415394627,-2.0265123362851774
3,"temperature, humidity, snow",0.008535565852309277,0.0016078204437100956,10.51595792030392
3,season,0.011215567730126556,0.0016221402213534863,13.817764439181307
3,site & elevation,0.004290312558418797,0.0008806518703135471,5.285735838717394
7,flow lags,0.18558014215361257,0.008735549560319134,113.36588893098003
7,current rain,0.0034893735629761696,0.0019213808788702362,2.1315639226723917
7,antecedent rain,0.011590591722494418,0.0030706036308925416,7.080378959775789
7,soil moisture,-0.002606784157514444,0.0017839868767788845,-1.5924139287661823
7,"temperature, humidity, snow",-0.001348425393097874,0.0017018110190752333,-0.8237165979704523
7,season,0.025036437237113397,0.004398455851957695,15.294082276867135
7,site & elevation,0.0033658804170254826,0.0009831250541347636,2.0561253002792985
