location,variable,change_date,K,p,mean_before,mean_after,sd,p_bonf,shift_in_sd
Chatara,precipitation,2026-05-17,40954.0,0.03033235801345072,0.1859312445900235,-2.140815825559902,10.264424047547648,1.0,-0.22668072357219365
Chatara,temperature,2024-03-29,63017.0,9.861182079720834e-05,-0.2648838273553278,0.13543157312859577,1.4433754021005878,0.0059167092478325,0.27734669712490073
Chatara,soil moisture,2025-02-27,344556.0,3.456022104155426e-129,0.043208032841571486,-0.06179297618722045,0.07316236185306006,2.0736132624932555e-127,-1.435177957208064
Chatara,relative humidity,2026-03-12,51784.0,0.0024693655520018143,-0.49315136057272907,3.3237831585417927,8.088847004281332,0.14816193312010886,0.47187621636238924
Chatara,dew point,2026-02-28,67751.0,2.1013632770816596e-05,-0.11818439766728624,0.7372151076109457,1.691600765973098,0.0012608179662489958,0.5056745790642634
Chatara,max wind speed,2025-09-06,43914.0,0.01619737296457249,0.1755016770069985,-0.47726706052736656,2.7862000643554685,0.9718423778743494,-0.23428638376884467
Bhada Bridge,precipitation,2024-10-25,37181.0,0.06333589310239163,0.2985408288412295,-0.29279965905582817,11.503001679996752,1.0,-0.05140749383053421
Bhada Bridge,temperature,2025-04-27,81524.0,1.2376615899673839e-07,0.21429048570582968,-0.36891065323754624,1.8152196554957538,7.425969539804303e-06,-0.32128405902705925
Bhada Bridge,soil moisture,2025-05-06,238999.0,2.229002325438653e-62,-0.016951592194140306,0.030042573329573417,0.047478785611061204,1.3374013952631917e-60,0.9897929131693171
Bhada Bridge,relative humidity,2025-04-09,143073.0,1.257170168118555e-22,-2.0736602857331143,3.370714464456469,9.66923104072654,7.54302100871133e-21,0.563061811974295
Bhada Bridge,dew point,2025-04-08,110297.0,1.277633471054063e-13,-0.48931338477037556,0.7928600442071407,2.5205542901422593,7.665800826324377e-12,0.5086870907688923
Bhada Bridge,max wind speed,2025-03-30,128802.0,2.0303186333772543e-18,0.7764208789191785,-1.2228628842977365,3.950251275572247,1.2181911800263526e-16,-0.506115592084023
Belsot,precipitation,2025-11-24,53055.0,0.0017703618084692443,-0.03375435021917627,0.12708933285369417,12.21578469291418,0.10622170850815466,0.013166872789282913
Belsot,temperature,2024-03-29,44109.0,0.015517722515715402,-0.20205643992192504,0.10330876668691616,1.562627676727197,0.9310633509429241,0.19541776403730737
Belsot,soil moisture,2024-12-11,326072.0,9.619596793414669e-116,0.03303045226457165,-0.03728397632407949,0.05732631989614017,5.771758076048802e-114,-1.226564494564485
Belsot,relative humidity,2024-05-08,75507.0,1.310364863827137e-06,-1.8906769887463806,1.101777488713846,8.884578573674034,7.862189182962823e-05,0.3368144535664519
Belsot,dew point,2024-05-08,86809.0,1.341832948505152e-08,-0.5871585993031653,0.3421621624780621,2.0014029356131413,8.050997691030913e-07,0.4643346650715912
Belsot,max wind speed,2026-05-05,34873.0,0.0959443860678761,0.1626217053321697,-1.6672141218929284,4.453559059258946,1.0,-0.41087045279457357
Kusum,precipitation,2024-11-04,50578.0,0.00336107117575618,0.11338965256731849,-0.11458143570241243,6.685046060969921,0.2016642705453708,-0.03410164809495045
Kusum,temperature,2025-04-28,79467.0,2.8299347084518436e-07,0.20772637935936666,-0.35876164907688685,1.7027871127244774,1.697960825071106e-05,-0.33268282582305114
Kusum,soil moisture,2024-07-02,324763.0,8.0755903899327915e-115,-0.04832614380793793,0.033480059174146246,0.06526826327626721,4.8453542339596747e-113,1.2533840932125808
Kusum,relative humidity,2025-04-08,149718.0,9.754396144735333e-25,-2.2023159978367675,3.5685276833831536,9.586298028077039,5.8526376868412e-23,0.6019887619097444
Kusum,dew point,2024-05-07,121597.0,1.837883566389787e-16,-0.7886707641889985,0.45811808262216747,2.372104171506331,1.1027301398338723e-14,0.5256045926597868
Kusum,max wind speed,2025-03-19,65177.0,4.938604782864108e-05,0.32369196804692246,-0.4925482300977815,3.1164543367389284,0.0029631628697184644,-0.26191309416034037
Devghat,precipitation,2025-11-18,56704.0,0.0006511307954071093,-0.24088526695070478,0.8829662049900397,9.052658494729377,0.039067847724426556,0.1241460144105813
Devghat,temperature,2024-03-29,66014.0,3.754116469047758e-05,-0.27718495935662135,0.14172097809089884,1.3658560191872753,0.002252469881428655,0.30669845983969934
Devghat,soil moisture,2024-12-12,315281.0,3.086742017597242e-108,0.028496374144846646,-0.03226261467672969,0.051264393988192325,1.8520452105583453e-106,-1.185208369683857
Devghat,relative humidity,2025-04-09,68490.0,1.6341854200601255e-05,-0.8919703346162798,1.4498890341113786,7.436551754984979,0.0009805112520360753,0.31491199764162586
Devghat,dew point,2024-05-06,83194.0,6.226602738295523e-08,-0.39766332443957014,0.23025081639127926,1.7610951239986368,3.7359616429773137e-06,0.35654754378352105
Devghat,max wind speed,2024-03-10,60128.0,0.0002397688092925538,0.3655139303590791,-0.17528513345397326,2.554248650023295,0.014386128557553227,-0.21172530082696536
Chameliya/Nayalbadi,precipitation,2023-10-13,56684.0,0.0006548289155080376,-0.9543517174052216,0.2580552556551093,7.699594568400025,0.03928973493048226,0.15746374205678065
Chameliya/Nayalbadi,temperature,2024-11-15,116273.0,4.343872059271644e-15,0.35534910380041224,-0.37108211755648723,1.7358550793162224,2.606323235562986e-13,-0.41848609945194903
Chameliya/Nayalbadi,soil moisture,2024-11-14,229294.0,1.8940126728230224e-57,-0.017616497528867323,0.018341566786915238,0.039409309148915446,1.1364076036938135e-55,0.9124256449131928
Chameliya/Nayalbadi,relative humidity,2024-06-24,59519.0,0.0002876219935845142,-1.7836650922546113,1.2054807882571592,10.292419327602273,0.017257319615070852,0.29042208497038796
Chameliya/Nayalbadi,dew point,2023-05-07,52975.0,0.0018082648624990448,1.442299486680393,-0.14981841329079554,2.704826941682503,0.10849589174994269,-0.5886209854819149
Chameliya/Nayalbadi,max wind speed,2024-06-22,51991.0,0.0023403813644486946,0.22832716308634574,-0.15335831927648125,1.8647913908576481,0.14042288186692167,-0.2046799895334585
Khokana,precipitation,2024-10-30,61757.0,0.00014603085592450508,-0.3039729728135453,0.30261392822570166,10.240138383527624,0.008761851355470305,0.05923620153561674
Khokana,temperature,2025-04-28,77680.0,5.706313477654786e-07,0.1696574206327676,-0.29301322341466357,1.4133871414678967,3.423788086592871e-05,-0.327348841993084
Khokana,soil moisture,2024-06-21,321104.0,2.953457487117462e-112,-0.024914655719584792,0.016682257009247956,0.03456666089191488,1.7720744922704773e-110,1.2033824400598159
Khokana,relative humidity,2025-04-08,129759.0,1.0944291459988895e-18,-2.1055434182917634,3.4117220163318307,10.069098275754989,6.566574875993336e-17,0.5479403699841141
Khokana,dew point,2024-05-07,123322.0,6.398680943222837e-17,-0.8361598825988187,0.4857032612026267,2.187118590426811,3.839208565933703e-15,0.6043856741867331
Khokana,max wind speed,2025-04-08,66298.0,3.417843338019889e-05,0.20049636661889236,-0.3248747388658483,1.6799064255899194,0.0020507060028119336,-0.31273831535006497
Rasuwagadhi,precipitation,2025-10-28,85986.0,1.9139902895012344e-08,-0.49706020223724784,1.663860612034423,7.718632660039059,1.1483941737007406e-06,0.279961608415335
Rasuwagadhi,temperature,2025-04-28,91733.0,1.493421196751629e-09,0.24821978160745478,-0.4286973010246721,1.8184048511241875,8.960527180509774e-08,-0.37225873116959535
Rasuwagadhi,soil moisture,2025-09-16,175541.0,7.576486193656133e-34,-0.00533924212152779,0.015087172737686848,0.025742559223962826,4.54589171619368e-32,0.7934881175372968
Rasuwagadhi,relative humidity,2026-02-09,51260.0,0.002825845570089566,-0.4934115270966565,2.745206290464038,9.14128194513828,0.16955073420537395,0.35428486256056557
Rasuwagadhi,dew point,2024-12-01,60594.0,0.00020834205205860244,0.40459703440203715,-0.4432205384685843,2.9202229586829254,0.012500523123516146,-0.2903263157868613
Rasuwagadhi,max wind speed,2024-02-19,100914.0,1.802431676820812e-11,-0.6178648662114815,0.276536275255723,2.0099439658363076,1.0814590060924873e-09,0.444988097513981
Bahrabise,precipitation,2024-11-04,62258.0,0.00012504225241630751,-0.29370782863634964,0.29679484785624977,9.16192925226229,0.0075025351449784505,0.06445178305069216
Bahrabise,temperature,2025-02-07,113602.0,2.0128769965142066e-14,0.2513069901983002,-0.33801010240336105,1.3246389590500098,1.2077261979085239e-12,-0.44488884203156864
Bahrabise,soil moisture,2024-07-05,221930.0,7.608630922974242e-54,-0.017580100910750882,0.012292684773887569,0.03801518746144449,4.565178553784546e-52,0.785811873608037
Bahrabise,relative humidity,2025-04-08,108730.0,3.01063157979076e-13,-1.588383310649179,2.573740472049837,8.581834995902037,1.806378947874456e-11,0.48499228716078746
Bahrabise,dew point,2024-05-07,66143.0,3.597635885895299e-05,-0.5004984299777177,0.2907263607426451,2.1815084058068113,0.0021585815315371794,0.3626961915958033
Bahrabise,max wind speed,2024-12-11,87918.0,8.270524880705456e-09,0.2498559542607187,-0.28203136331496925,1.7582242529022132,4.962314928423274e-07,-0.3025139237487642
Chisapani,precipitation,2025-10-26,33367.0,0.12401759503695478,-0.07935922550697457,0.26342142918282124,10.035793013334963,1.0,0.0341558115272335
Chisapani,temperature,2025-02-06,36050.0,0.07788989068333332,0.08543520346666326,-0.11456084101214187,1.5300739579583347,1.0,-0.13071005060805774
Chisapani,soil moisture,2024-06-26,232349.0,5.594360706643491e-59,-0.017342981736534254,0.011794097993979175,0.03406207783016567,3.3566164239860946e-57,0.8554111077953496
Chisapani,relative humidity,2024-06-20,109712.0,1.7619761038981072e-13,-2.0346474494406612,1.3581208379827296,8.24556773959044,1.0571856623388643e-11,0.4114656982481974
Chisapani,dew point,2024-05-07,93359.0,7.043062312431239e-10,-0.614088135488126,0.3567076300592141,2.045495250297265,4.2258373874587435e-08,0.47460181851131533
Chisapani,max wind speed,2023-08-25,35969.0,0.07903294236500771,-0.23603257511900363,0.05050198343433275,1.755041785270872,1.0,0.163263667542316
