location,date,Pe,qpre,dQ,q50,th_pre,api_pre,th_raw,monsoon,resp,lPe,lqpre
Chatara,2023-05-26,63.5,736.9,323.80000000000007,850.14,0.46231183946118676,66.72538372170479,0.293,0,-0.9393586533920291,4.151039905898646,-0.14294748699592477
Chatara,2023-06-13,57.4,798.83,2084.2000000000003,850.14,0.14390615691074637,68.69106073212174,0.291,1,0.9008100044344208,4.050044303325521,-0.062251632803230934
Chatara,2023-06-19,99.4,2505.11,1033.8599999999997,850.14,0.46989558245276214,121.79610629636204,0.323,1,0.20384295338989122,4.599152113662528,1.0806872821103004
Chatara,2023-06-30,68.19999999999999,3154.01,1490.1399999999994,850.14,0.6689361473516153,176.94922559670505,0.353,1,0.5669132015284998,4.222444564849416,1.311029213347461
Chatara,2023-07-12,121.3,4245.2,1026.1000000000004,850.14,1.0091576426742257,203.44075131631482,0.394,1,0.19637046894428214,4.798266815950004,1.6081434056436112
Chatara,2023-08-07,73.29999999999998,4235.43,2279.8499999999995,850.14,0.06376573533843972,153.4138644374146,0.348,1,0.9901858828187796,4.294560608892605,1.6058393310599683
Chatara,2023-08-24,176.0,4486.45,2043.8600000000006,850.14,0.9184753135445217,199.7445793261309,0.412,1,0.8813452698367124,5.170483995038151,1.6634162032204298
Chatara,2023-09-23,84.1,2836.92,718.3899999999999,850.14,0.8175715747072803,155.8561515685369,0.383,1,-0.15662395644700838,4.432006566978902,1.2050735463004136
Chatara,2024-06-18,115.5,1701.16,1467.41,850.14,0.6065760157560297,74.63410893423531,0.333,1,0.5516299344542581,4.749270529961848,0.6936651963183846
Chatara,2024-06-25,138.3,2810.9,3311.6,850.14,0.896175990540526,169.30855874356274,0.364,1,1.3623495618086159,4.929425238670713,1.1958593096987946
Chatara,2024-07-02,175.1,4538.42,2805.7200000000003,850.14,0.994607911723134,252.32859412788437,0.381,1,1.197039870813569,5.165357239291806,1.6749333913788471
Chatara,2024-08-05,56.599999999999994,5332.35,861.0599999999995,850.14,0.5893441972190633,213.08705149637305,0.386,1,0.022587904793151165,4.036008985209137,1.8361464662850175
Chatara,2024-08-12,45.19999999999999,6094.37,257.9400000000005,850.14,0.9813683972484409,231.6913646605043,0.417,1,-1.1602467098067182,3.8110970868381853,1.9697197954420385
Chatara,2024-09-25,286.9,2528.3,6120.38,850.14,0.4512074080974997,101.49610058432609,0.353,1,1.9753664908661543,5.659133722987319,1.0899017728304061
Chatara,2025-05-13,40.1,692.43,481.47000000000014,850.14,-1.6492641017090437,62.12591889310101,0.127,0,-0.5510540197498965,3.6913763343125234,-0.20519244769616046
Chatara,2025-06-02,60.2,1344.86,626.5600000000002,850.14,-1.4593897400865816,82.4860296019879,0.16,1,-0.29167935467257106,4.097672352314776,0.4586448991663046
Chatara,2025-06-14,92.4,1551.39,1668.68,850.14,-1.9245103560533983,84.61983779047372,0.141,1,0.6794688835191661,4.526126978647638,0.601506185023945
Chatara,2025-06-23,53.400000000000006,1939.89,1640.07,850.14,-1.3423014791394607,194.42615679428587,0.196,1,0.6622633318715642,3.977810745966149,0.8249860231077051
Chatara,2025-07-20,43.900000000000006,2863.18,611.1800000000003,850.14,-2.4944674264070574,137.79086293046416,0.147,1,-0.31619556680972927,3.7819143200811256,1.2142874816937832
Chatara,2025-08-02,64.10000000000001,3646.54,667.6499999999996,850.14,-2.3327757810056235,132.58447864874896,0.17,1,-0.2289840263404893,4.160444363926625,1.4561332842151904
Chatara,2025-08-08,80.9,3654.95,2286.9700000000003,850.14,-1.3906893377855234,182.9389197024388,0.242,1,0.9932924626482459,4.393213824064446,1.4584369239970736
Chatara,2025-08-21,39.500000000000014,4942.11,0.0,850.14,-0.8527731463965362,215.71896338243477,0.283,1,-4.605170185988091,3.6763006719070765,1.7601468050344213
Chatara,2025-09-09,47.00000000000001,3943.57,157.4699999999998,850.14,-2.258481315927668,159.79629341059646,0.171,1,-1.6335855574477567,3.850147601710059,1.5344408951826711
Chatara,2025-10-04,119.9,2876.4,2263.0399999999995,850.14,-2.3939349576090168,105.74442571754248,0.136,0,0.9828128690711334,4.786658062033468,1.2188940970808815
Chatara,2025-10-30,134.3,1732.8,1136.9800000000002,850.14,-1.9191942206280832,69.42730666971087,0.143,0,0.2981792225066365,4.900076103529192,0.7120934115430155
Chatara,2026-03-21,41.20000000000002,471.06,170.63000000000005,850.14,-0.12550172915859564,41.94051517650898,0.216,0,-1.5572814270547704,3.718438256355481,-0.5904134444964035
Chatara,2026-04-29,112.50000000000001,682.91,461.6,850.14,0.4132501418263191,46.76541544384051,0.269,0,-0.5924526256887719,4.722953221644475,-0.21903649819121312
Chatara,2026-05-06,52.80000000000001,1108.18,215.15999999999985,850.14,0.7953372826406773,149.60223545456495,0.301,0,-1.3352677407227111,3.966511190712216,0.26507416956239344
Chatara,2026-06-18,67.00000000000001,1712.96,587.48,850.14,0.01039395746667519,102.1974711857269,0.288,1,-0.3551915832795134,4.204692619390967,0.7005776891854493
Chatara,2026-06-28,81.20000000000002,2263.64,1291.67,850.14,0.43395318577709274,172.63990390281893,0.333,1,0.4248503391083438,4.396915247167632,0.9793288160409115
Chatara,2026-07-11,62.400000000000006,3190.54,2457.83,850.14,0.06968943411440193,170.85802322511697,0.324,1,1.0650860205632289,4.133565275375382,1.3225447320720105
Chatara,2026-07-18,70.4,4697.94,1326.6600000000008,850.14,0.815763939472121,188.18087088776377,0.387,1,0.4514064205988844,4.254193263163997,1.7094785648002615
Chatara,2026-08-01,54.30000000000001,4404.55,1014.46,850.14,0.026993678228851604,180.21592734903658,0.342,1,0.18505599127524733,3.99452422693989,1.6449925617454866
Bhada Bridge,2023-05-02,39.8,4.19,1.2199999999999998,7.39,0.08865360015045379,40.45006824436921,0.217,0,-1.7424668216203405,3.6838669122903918,-0.5671883660171757
Bhada Bridge,2023-06-24,40.9,0.99,803.39,7.39,-2.3771874673795073,41.34810612937981,0.175,1,4.688804520770061,3.711130063048756,-2.0091684796122595
Bhada Bridge,2023-06-30,71.0,2.05,802.33,7.39,-1.2203180594827856,90.67894572715896,0.247,1,4.687484362094548,4.2626798770413155,-1.281800255869867
Bhada Bridge,2023-07-06,94.89999999999999,308.03,0.0,7.39,-0.41976011916004413,135.46308184195902,0.303,1,-4.605170185988091,4.552823705615882,3.7300726922993075
Bhada Bridge,2023-07-25,59.8,152.11,29.279999999999973,7.39,-0.31555202485999034,238.43022764001034,0.363,1,1.3792976815323523,4.091005660956586,3.0244827825316625
Bhada Bridge,2023-08-06,95.69999999999999,146.57,188.17000000000002,7.39,-0.1493680021881889,207.38884676645813,0.396,1,3.2376107274764214,4.5612182984589085,2.987382217734408
Bhada Bridge,2023-08-22,318.9,162.68,462.93,7.39,-0.33831112702035504,227.00249027481476,0.399,1,4.137607742416781,5.764877574016012,3.0916634930971485
Bhada Bridge,2023-09-10,66.49999999999994,161.93,25.430000000000007,7.39,-0.7526106644019527,253.29980313851053,0.359,1,1.2387036466864316,4.197201947661807,3.0870425836141364
Bhada Bridge,2024-06-25,251.29999999999995,0.66,636.6,7.39,-2.157163736226398,36.74990194009446,0.191,1,4.456129858604461,5.526647444549546,-2.414129174090561
Bhada Bridge,2024-07-25,45.49999999999995,126.64,198.2,7.39,0.3899165735966724,265.19955232976156,0.399,1,3.2895216731436756,3.8177123259569035,2.841228576980712
Bhada Bridge,2024-08-06,123.89999999999995,275.06,212.58999999999997,7.39,-0.3711741888074045,235.81498852030998,0.387,1,3.359585250227558,4.819474788635096,3.6168651562902636
Bhada Bridge,2024-08-20,68.69999999999995,340.98,0.0,7.39,-0.2764916046380691,250.26514649705496,0.402,1,-4.605170185988091,4.229749199228303,3.8316990222960015
Bhada Bridge,2024-09-11,76.39999999999995,157.85,149.47,7.39,-0.03858851835785388,170.76200096903875,0.389,1,3.0074622602501835,4.335982696172474,3.0615238151521096
Bhada Bridge,2024-09-26,241.29999999999995,128.12,1264.04,7.39,0.460286994788164,152.50665113793553,0.378,1,5.1419989464464555,5.486040972630986,2.852847394933028
Bhada Bridge,2025-06-16,44.99999999999994,0.56,122.89,7.39,1.507664672047794,47.96199185979834,0.339,1,2.8117630813989867,3.8066624897703183,-2.578162108419551
Bhada Bridge,2025-06-29,60.899999999999935,43.16,35.46000000000001,7.39,1.410802464883087,81.67376324574401,0.369,1,1.570359435443532,4.10923317471585,1.7648095747628954
Bhada Bridge,2025-07-31,189.59999999999997,103.47,512.12,7.39,-0.778795524288293,110.89533504819889,0.355,1,4.23857552932401,5.244916589820921,2.6391636452471396
Bhada Bridge,2025-08-13,52.99999999999994,541.0,78.87,7.39,0.13280946339723612,289.1638227795632,0.418,1,2.36860973866532,3.9702919135521206,4.293293392313498
Bhada Bridge,2025-08-31,41.89999999999994,270.02,16.720000000000027,7.39,-0.8358869901287489,208.74501742449874,0.37,1,0.8208879902759723,3.7352858269280906,3.5983719987915075
Bhada Bridge,2025-09-15,104.99999999999994,167.27,240.04999999999998,7.39,-0.032438533375458094,189.75120456691647,0.383,1,3.4810273051706946,4.653960350157523,3.1194875167042797
Bhada Bridge,2026-05-02,36.599999999999945,2.28,2.1300000000000003,7.39,1.4997804436632267,38.940266221590896,0.284,0,-1.2098992167496014,3.600048240407319,-1.1755137916578595
Bhada Bridge,2026-06-30,64.19999999999995,0.75,23.95,7.39,-1.0939484914070148,35.990750203999916,0.253,1,1.178921433208093,4.162003210695914,-2.286477362178113
Bhada Bridge,2026-07-08,125.59999999999995,7.07,125.28,7.39,-0.5269653429937015,100.27148866439511,0.304,1,2.8310132020441214,4.833102254034098,-0.04412582233800648
Bhada Bridge,2026-07-17,91.39999999999993,61.23,146.22,7.39,0.20959576408987882,213.84667934152483,0.366,1,2.9854898770497433,4.515245478460104,2.1145258622598546
Bhada Bridge,2026-08-03,73.49999999999994,92.97,109.72999999999999,7.39,-0.3776928877022766,194.95111605699603,0.38,1,2.6985683126102136,4.297285406218791,2.5321598816077096
Bhada Bridge,2026-08-13,93.89999999999995,143.88,209.93,7.39,-0.5411615663402074,204.5891797376936,0.386,1,3.346998367013483,4.542230386214217,2.968858834079468
Belsot,2023-05-25,51.6,8.89,0.3699999999999992,11.42,0.30365263429763173,27.15524194102852,0.241,0,-3.1606234387060446,3.9435216724875173,-0.25032667508886214
Belsot,2023-06-13,30.4,4.53,2.0599999999999996,11.42,-0.18481354620363333,55.71527547559158,0.234,1,-1.6587054234401015,3.414442608412176,-0.924423538542863
Belsot,2023-06-21,104.6,6.43,4.050000000000001,11.42,-0.22228560338341344,58.51474350228088,0.244,1,-1.008842023888907,4.650143551630823,-0.574236157075138
Belsot,2023-06-30,93.4,10.04,9.330000000000002,11.42,0.2664915232749122,131.43297701776893,0.287,1,-0.18996540776166185,4.536891345234797,-0.128689493330565
Belsot,2023-07-12,76.0,19.09,9.629999999999999,11.42,0.6875307568352557,172.22044302637494,0.331,1,-0.1586939680194073,4.330733340286331,0.5138508155846581
Belsot,2023-07-24,36.6,26.04,5.620000000000001,11.42,0.20908187598965858,150.45017920107546,0.32,1,-0.6889179577098119,3.6000482404073204,0.8243060148329062
Belsot,2023-08-01,28.299999999999997,30.19,6.830000000000002,11.42,0.11443475907814984,137.8325400590317,0.322,1,-0.497459425441262,3.342861804649192,0.9721776624931553
Belsot,2023-08-07,64.4,36.24,73.93,11.42,-0.2208000164725088,138.5911277116396,0.306,1,1.8692960079625718,4.165113633110308,1.1548248703851964
Belsot,2023-08-23,115.8,88.95,36.81999999999999,11.42,0.6541253100041432,147.03768766307573,0.354,1,1.1737717468458653,4.751864565138895,2.052719452091725
Belsot,2023-09-24,43.0,53.83,13.879999999999995,11.42,0.6440749662522661,125.65763105424028,0.313,1,0.20327675383307284,3.7612001156935624,1.5504833051741231
Belsot,2024-06-05,28.1,7.28,0.20999999999999996,11.42,-0.059931201463662584,37.78452437742508,0.232,1,-3.5617608739084257,3.3357695763397,-0.4500979888152901
Belsot,2024-06-19,48.39999999999999,5.27,2.2800000000000002,11.42,0.6777611396577369,62.27287193956285,0.294,1,-1.5623170583927315,3.879499813722586,-0.7731461063547944
Belsot,2024-06-25,161.39999999999998,7.39,155.67000000000002,11.42,0.8204345636722793,93.26283932495177,0.312,1,2.6131055119994806,5.083885755835849,-0.4351031604251144
Belsot,2024-07-30,51.3,98.54,0.0,11.42,0.3715653181030665,175.54353102699517,0.336,1,-4.605170185988091,3.937690752176724,2.155106500999643
Belsot,2024-08-05,68.2,84.7,33.97,11.42,0.3790321167174548,172.84085257837222,0.34,1,1.093467729576515,4.222444564849416,2.0037612037358925
Belsot,2024-08-17,78.1,114.08,0.0,11.42,1.1889248448701883,210.35778991738997,0.387,1,-4.605170185988091,4.35799005684564,2.3015425181781035
Belsot,2024-09-04,50.7,76.27,0.0,11.42,0.9202166226836949,173.93334102872532,0.357,1,-4.605170185988091,3.9259259105971376,1.8989265831773954
Belsot,2024-09-26,185.3,46.64,86.02,11.42,0.3453481909509845,100.67316936592148,0.291,1,2.020540340881357,5.221976133291314,1.4071137784078491
Belsot,2025-05-18,33.3,7.91,0.75,11.42,-1.0797397867102063,50.68747444756619,0.157,0,-2.5813172597121685,3.505557396986398,-0.36711200818860473
Belsot,2025-06-15,28.9,6.53,6.53,11.42,-1.7528008753652424,82.80426888197805,0.147,1,-0.5416219105818991,3.3638415951183864,-0.558806133307344
Belsot,2025-07-14,37.8,33.51,0.0,11.42,-2.9943613198850643,84.98582614132638,0.123,1,-4.605170185988091,3.632309102625542,1.0765075389143532
Belsot,2025-07-22,33.4,30.55,7.620000000000001,11.42,-2.0175638174213915,113.70679779166726,0.19,1,-0.3897141515374496,3.5085558999826545,0.9840312140782425
Belsot,2025-08-02,72.2,41.76,48.23,11.42,-2.6361495312298144,118.69052969558801,0.165,1,1.442980051840873,4.279440045898781,1.2965966854199626
Belsot,2025-08-12,89.0,87.92,167.52999999999997,11.42,-1.2327232139453763,157.99893176042937,0.249,1,2.6864776722016392,4.48863636973214,2.0410724797791606
Belsot,2025-10-04,353.3,75.21,139.56,11.42,-2.0922138127233767,77.18734996184186,0.14,0,2.5039463635190593,5.8673175543650995,1.8849312926262967
Belsot,2025-10-30,152.6,64.01,3.069999999999993,11.42,-1.738328364052039,132.6499675956045,0.125,0,-1.2771651241480992,5.027820118850356,1.7236887393629923
Belsot,2026-03-20,40.0,10.53,0.030000000000001137,11.42,-0.5334652134746042,5.299809578199378,0.163,0,-4.371920258359145,3.6888794541139363,-0.08104291582940415
Belsot,2026-04-30,47.7,9.86,0.75,11.42,0.47045316649414165,50.8473484046939,0.239,0,-2.5813172597121685,3.8649313978942956,-0.14677862087767227
Belsot,2026-05-06,29.2,10.43,0.40000000000000036,11.42,0.7542053364854739,76.59463444082449,0.257,0,-3.1005091883782114,3.374168709274236,-0.09058406253403024
Belsot,2026-05-30,31.799999999999997,10.83,0.22000000000000064,11.42,1.1526800637808716,80.70867693892562,0.294,0,-3.531381867048706,3.459466289786131,-0.052953811374264165
Belsot,2026-06-20,39.7,11.59,1.5,11.42,0.2765562683735214,92.68212104099638,0.271,1,-1.9565267263197292,3.681351187693145,0.014862730678743812
Belsot,2026-06-28,81.10000000000001,12.84,8.649999999999999,11.42,0.5872615074057914,106.90454726481853,0.302,1,-0.26469096212518134,4.395682961121367,0.11727697262127264
Belsot,2026-07-10,87.69999999999999,19.61,82.43,11.42,0.28928007594961574,131.96222745466068,0.305,1,1.9779677032216787,4.473921899378137,0.5407244290708381
Belsot,2026-08-02,55.4,94.5,16.959999999999994,11.42,0.015291357257178948,160.00710811504658,0.317,1,0.40220234800840743,4.014579593753238,2.113244212226426
Kusum,2023-06-22,41.7,0.14,1092.82,16.86,-1.8904649484621048,38.075367407318694,0.146,1,4.171727105539287,3.730501128804756,-4.783939341177678
Kusum,2023-06-30,59.3,37.9,1764.12,16.86,-0.6782003516303395,86.4180289747435,0.245,1,4.650558876053293,4.08260930600368,0.8100335443908616
Kusum,2023-07-13,69.3,191.75,768.86,16.86,-0.006907965095046682,115.14346866192724,0.325,1,3.8201842073977077,4.238444906195857,2.4312537027839167
Kusum,2023-08-05,57.1,245.04,450.59000000000003,16.86,-0.12304912029112929,139.53764393107767,0.373,1,3.2859879886399668,4.044804116661965,2.676481590908856
Kusum,2023-08-23,55.599999999999994,247.31,454.76000000000005,16.86,0.10854440571054096,156.9914382206264,0.403,1,3.295196530986604,4.018183201256536,2.6857027013526307
Kusum,2023-09-21,31.699999999999996,138.64,158.90000000000003,16.86,-0.14586098688569893,99.14115539834964,0.348,1,2.244391603141106,3.456316680883235,2.106943905733191
Kusum,2023-10-02,72.1,157.12,141.8,16.86,-0.3596612547048412,86.6791591845485,0.31,0,2.1306619538148612,4.278054044290903,2.2320722565743107
Kusum,2024-06-25,178.2,0.02,1736.78,16.86,-0.520658661471303,30.45041794865409,0.245,1,4.634941221980285,5.182906515036709,-6.688176793832423
Kusum,2024-07-26,31.799999999999986,471.06,300.61999999999995,16.86,0.1591336530599662,213.2735854793044,0.373,1,2.8814637398476224,3.4594662897861306,3.3300436447340775
Kusum,2024-08-05,82.09999999999998,491.04,368.95,16.86,0.1427398051736168,185.5818121606635,0.392,1,3.0861740490400336,4.407938016458382,3.371583674789615
Kusum,2024-08-18,43.19999999999999,560.05,238.7800000000001,16.86,0.13084845212424076,239.91882858707194,0.404,1,2.6513045134669837,3.7658404952500644,3.503083898437306
Kusum,2024-08-28,29.89999999999999,354.63,0.0,16.86,0.1144515453481774,213.5417197868236,0.401,1,-4.605170185988091,3.3978584803966405,3.046133859693107
Kusum,2024-09-12,38.599999999999994,235.59,230.07000000000002,16.86,-0.08678533981863769,152.49842507217332,0.368,1,2.6141722099353255,3.653252276470785,2.6371532981345123
Kusum,2024-09-26,170.39999999999998,166.11,3009.7599999999998,16.86,0.4230008396097348,123.90755812516996,0.372,1,5.184727683957633,5.138148614395215,2.2877122870183135
Kusum,2025-06-15,42.499999999999986,2.94,342.8,16.86,0.573352360134098,50.02584252279248,0.292,1,3.0126949452122096,3.749504075930371,-1.7461942930018515
Kusum,2025-06-29,61.09999999999999,147.59,95.19,16.86,1.0473853592404163,103.8696116499992,0.355,1,1.7327005694275066,4.11251186617755,2.1695009821238185
Kusum,2025-07-09,35.499999999999986,226.51,279.48,16.86,0.9942848907178882,129.78653759208473,0.379,1,2.8085898624235344,3.5695326964813696,2.597849556291545
Kusum,2025-07-16,30.399999999999984,201.77,127.6,16.86,0.43064994183153354,116.68077941580123,0.362,1,2.0252768627807933,3.4144426084121755,2.482189438378773
Kusum,2025-08-03,88.39999999999998,398.02,792.22,16.86,-0.022539687657055815,121.55749964859413,0.376,1,3.8501079754738,4.481871969643597,3.1615608151378622
Kusum,2025-08-13,55.99999999999997,563.94,626.3,16.86,0.3269978576931339,188.3109241303832,0.413,1,3.6151547007936893,4.025351690735149,3.5100056835232714
Kusum,2025-09-15,52.09999999999997,242.22,443.85,16.86,-0.7487403872543933,127.24371690247263,0.321,1,3.2709225008729668,3.9531649487593206,2.664906579988916
Kusum,2026-05-01,33.99999999999997,8.57,36.77,16.86,1.4139656916092402,26.841987949353847,0.306,0,0.7843131221830322,3.5263605246161607,-0.6765595406569638
Kusum,2026-06-30,37.09999999999998,4.57,116.05000000000001,16.86,-0.6628792042815903,40.95404359798296,0.246,1,1.9305289478812664,3.613616969613389,-1.3052119532241018
Kusum,2026-07-08,71.99999999999997,69.96,262.47,16.86,-1.0154001385250033,89.10273219094553,0.245,1,2.7458349901150156,4.276666119016055,1.422993991356754
Kusum,2026-07-17,39.99999999999998,196.7,545.3199999999999,16.86,-0.4239748246253481,159.4106071430722,0.309,1,3.476737954222566,3.688879454113936,2.4567408566924684
Kusum,2026-08-05,41.19999999999998,217.78,335.85,16.86,-1.0116756665185873,130.2056606500077,0.315,1,2.992222563000202,3.7184382563554803,2.558546018123543
Devghat,2023-06-12,56.2,474.34,1344.3600000000001,611.35,-0.689259234070396,42.658325190955225,0.303,1,0.792540924087862,4.028916756899646,-0.25374315426323724
Devghat,2023-06-21,90.5,1332.52,2190.19,611.35,-0.7302336727346954,91.15300676583446,0.306,1,1.278861372318456,4.505349850705881,0.7791582891755215
Devghat,2023-06-29,166.6,2487.86,1718.4100000000003,611.35,-0.3118320498346113,151.25989531672846,0.333,1,1.037036432832149,5.115595729732743,1.4035089575409843
Devghat,2023-07-12,71.5,3596.49,1322.9000000000005,611.35,0.3203766666469771,235.1168832515179,0.375,1,0.7765225900849982,4.269697449699962,1.77204430028116
Devghat,2023-07-30,36.099999999999994,4404.55,218.26000000000022,611.35,0.5318141412487578,197.54068413051152,0.394,1,-1.00235755260677,3.586292865338835,1.9747239769594778
Devghat,2023-08-07,50.29999999999999,3980.07,1451.4299999999998,611.35,0.3876442139183317,177.29338915307846,0.386,1,0.8688381368151483,3.9180050771056933,1.8733853107251477
Devghat,2023-08-12,68.8,4741.42,1480.58,611.35,0.9354154238728056,176.38981487142138,0.412,1,0.8886401789202679,4.231203744939298,2.048422532200707
Devghat,2023-08-24,92.39999999999999,4334.11,585.2800000000007,611.35,0.631185347471574,155.44926623529926,0.386,1,-0.033188010101345256,4.526126978647638,1.9586021666225308
Devghat,2024-05-07,37.599999999999994,231.27,126.65,611.35,1.1925142755208475,10.697987699755913,0.386,0,-1.527100276723474,3.6270040503958487,-0.9720794435099058
Devghat,2024-06-06,39.8,705.32,97.20999999999992,611.35,0.8563808480314302,69.19903561031225,0.38,1,-1.777804783597563,3.6838669122903918,0.14298339174469618
Devghat,2024-06-17,68.0,815.58,1527.65,611.35,0.08616692128511526,79.58029703956868,0.346,1,0.9198101713521754,4.219507705176107,0.2882311161055487
Devghat,2024-06-26,113.29999999999998,2232.57,6865.57,611.35,0.4577752977628083,144.78644244975268,0.371,1,2.4194947795522594,4.730039168033961,1.2952394885662875
Devghat,2024-07-18,72.3,7193.49,0.0,611.35,0.9960851841802129,269.9139060680506,0.414,1,-4.605170185988091,4.280824129164719,2.465262241756614
Devghat,2024-08-06,47.39999999999999,5151.29,985.3299999999999,611.35,0.4461632219004214,213.72082403591548,0.389,1,0.4834923353788602,3.8586222287010306,2.1313330152643495
Devghat,2024-08-19,57.099999999999994,5235.01,234.14999999999964,611.35,1.0548396570160778,183.20651501603214,0.412,1,-0.9339333888512585,4.044804116661965,2.1474545979538733
Devghat,2024-09-05,36.99999999999999,4063.43,464.5400000000004,611.35,0.7549573765412424,140.14078314250034,0.374,1,-0.26154747210066365,3.6109179126442243,1.8941133430233061
Devghat,2024-09-26,292.4,2785.12,5102.4800000000005,611.35,0.8039822247154992,94.7008128083857,0.342,1,2.1230097741024037,5.678122727875623,1.5163769718650921
Devghat,2025-05-18,85.4,460.32,506.96,611.35,-0.4563679320621965,49.23889939611073,0.306,0,-0.17525051682849013,4.447346100794524,-0.28374555438751364
Devghat,2025-05-30,52.60000000000001,967.28,228.46000000000004,611.35,0.05407060148345991,106.16956744445,0.336,0,-0.9579006549778538,3.9627161197436642,0.458819416102071
Devghat,2025-06-17,48.0,1034.14,2171.13,611.35,-0.3900882402551765,87.61451996851203,0.321,1,1.2701452795608092,3.871201010907891,0.5256567828178635
Devghat,2025-08-03,75.0,3836.07,218.01999999999998,611.35,-2.493590836604668,111.74703369373832,0.239,1,-1.0034277701191279,4.31748811353631,1.8365343181052423
Devghat,2025-08-13,40.599999999999994,3952.67,1222.3999999999996,611.35,-1.7256631721233915,145.08036017195252,0.275,1,0.6978905543216446,3.7037680666076866,1.8664772053146945
Devghat,2025-09-14,90.89999999999999,3264.88,1643.1999999999998,611.35,-2.8091711647919175,96.19604047429694,0.178,1,0.9924447931211374,4.509760001183433,1.6753089672891963
Devghat,2025-10-03,116.89999999999999,3272.41,963.0200000000004,611.35,-1.7997590024512886,116.50520747121345,0.2,0,0.46073274670886194,4.761318868478023,1.6776126744909503
Devghat,2025-10-30,54.2,1338.68,354.65999999999985,611.35,-1.400298028578076,63.09007291542575,0.2,0,-0.5274192889927295,3.9926809084456005,0.7837704532272497
Devghat,2026-03-21,39.9,541.0,148.24,611.35,-0.12528179028186506,25.067900412831072,0.248,0,-1.3764242001621598,3.686376323895818,-0.12224849931659044
Devghat,2026-04-26,78.7,486.53,1254.28,611.35,-1.00259131608292,45.151775730294176,0.264,0,0.7235096261866362,4.365643155423357,-0.22836900654199163
Devghat,2026-05-12,49.9,1266.65,0.0,611.35,-0.31108921608705326,98.51735826016714,0.311,0,-4.605170185988091,3.910021002757473,0.7284620619586263
Devghat,2026-05-28,41.4,1115.86,257.18000000000006,611.35,-0.07017676354804794,105.51276007836542,0.329,0,-0.8424002470618547,3.7232808808312687,0.60171195662249
Devghat,2026-06-12,40.0,1126.2,155.12999999999988,611.35,-0.20160083421964808,109.55079868813834,0.328,1,-1.3327539818043104,3.6888794541139363,0.6109356741716758
Devghat,2026-06-21,36.5,1217.99,502.8799999999999,611.35,-1.022828712645144,116.72183388022661,0.291,1,-0.18323438025874011,3.597312260588446,0.6892884324897817
Devghat,2026-06-29,57.7,1654.77,1215.0100000000002,611.35,-1.1506044975778977,103.8316228176546,0.29,1,0.6918569890066797,4.055257173514054,0.9957482830670886
Devghat,2026-07-09,122.6,2869.78,2726.7999999999997,611.35,-1.3350476827853368,134.99657065088886,0.288,1,1.4974539086357463,4.808927023502111,1.5463213726317604
Devghat,2026-07-31,76.8,4404.55,1348.8499999999995,611.35,0.13979715807486362,214.3738273960702,0.374,1,0.7958601690914142,4.341204640153626,1.9747239769594778
Devghat,2026-08-15,47.6,5271.3,495.3599999999997,611.35,0.6993548393694328,232.47525671241206,0.398,1,-0.19811886205994275,3.8628327612373745,2.154362853548263
Chameliya/Nayalbadi,2023-05-01,66.30000000000001,10.94,1.6100000000000012,14.14,-0.44836520543133623,44.16965178370846,0.335,0,-2.088592192362439,4.194189897191817,-0.25649045997377395
Chameliya/Nayalbadi,2023-06-25,73.90000000000002,11.16,39.129999999999995,14.14,-2.2971020863404408,45.09569930648792,0.332,1,1.0214888581099089,4.302712827954156,-0.23658210179484898
Chameliya/Nayalbadi,2023-07-06,54.000000000000014,34.65,17.810000000000002,14.14,0.9129989875521123,182.5869123945405,0.486,1,0.23866044585342333,3.9889840465642745,0.8963189247799028
Chameliya/Nayalbadi,2023-07-09,69.80000000000001,50.29,7.730000000000004,14.14,0.8550210596610086,200.20870401426916,0.491,1,-0.5857717231355236,4.245634009768327,1.2688184741866695
Chameliya/Nayalbadi,2023-07-25,76.50000000000001,70.45,13.86,14.14,0.35961445852222235,229.39412893600047,0.504,1,-0.009850335852834784,4.337290740832491,1.6059097722396811
Chameliya/Nayalbadi,2023-08-07,91.4,75.56,23.439999999999998,14.14,0.09520058476393377,261.0770994788591,0.507,1,0.5114506052277785,4.515245478460105,1.6759326165929234
Chameliya/Nayalbadi,2023-08-13,124.80000000000001,85.7,13.530000000000001,14.14,-0.4692157416511176,296.74718340480564,0.486,1,-0.033701600931173886,4.826712455935327,1.801856833678665
Chameliya/Nayalbadi,2023-08-24,53.80000000000001,88.13,11.329999999999998,14.14,-0.27263932296606025,301.3200367405879,0.488,1,-0.2091506792341508,3.985273467167739,1.8298166834527032
Chameliya/Nayalbadi,2023-09-10,54.600000000000016,65.53,0.0,14.14,-1.3497582570563078,186.07913285948337,0.421,1,-4.605170185988091,4.000033882750859,1.5335156526527178
Chameliya/Nayalbadi,2024-06-28,213.8,10.72,84.0,14.14,-2.4236826767646322,82.69049686168897,0.337,1,1.7834910564906308,5.365040998590945,-0.2768032255943241
Chameliya/Nayalbadi,2024-07-16,102.3,81.22,21.060000000000002,14.14,0.5519043702561601,354.90651458593396,0.497,1,0.405059556764994,4.627909672957581,1.748166173952295
Chameliya/Nayalbadi,2024-08-06,125.39999999999999,92.97,19.269999999999996,14.14,-0.3615327012396186,363.7757744972988,0.489,1,0.31685286188060074,4.83150862819882,1.8832799560993931
Chameliya/Nayalbadi,2024-08-20,93.80000000000001,103.23,17.11,14.14,-0.23546626432602905,367.3075510707596,0.492,1,0.19888563913598425,4.541164856012179,1.9879615350686137
Chameliya/Nayalbadi,2024-09-02,68.3,97.4,0.0,14.14,-0.8621868330520266,318.482532696687,0.452,1,-4.605170185988091,4.223909766576744,1.92982881706781
Chameliya/Nayalbadi,2024-09-13,111.89999999999999,77.52,3.700000000000003,14.14,0.5861691416245219,317.63839539408696,0.49,1,-1.3031707769798115,4.717605615317879,1.7015412069276818
Chameliya/Nayalbadi,2025-02-28,75.6,10.25,1.6300000000000008,14.14,0.5392986026839738,33.290139431870394,0.395,0,-2.0772374660750805,4.3254562831854875,-0.3216323986671623
Chameliya/Nayalbadi,2025-06-27,81.10000000000001,18.28,82.81,14.14,1.8395144603109013,111.33087890387213,0.5,1,1.7692472336627318,4.395682961121367,0.2568546086565215
Chameliya/Nayalbadi,2025-07-09,77.4,72.45,52.14999999999999,14.14,1.2863802742199193,228.90744649081608,0.508,1,1.3078242611349151,4.3489867805956814,1.6339028108255078
Chameliya/Nayalbadi,2025-08-02,113.7,97.17,19.319999999999993,14.14,0.15809740379511145,244.6236549120082,0.506,1,0.3194253561477414,4.73356340075649,1.9274646525721193
Chameliya/Nayalbadi,2025-08-14,61.9,106.89,12.060000000000002,14.14,-0.6949629757173452,312.26198603332335,0.477,1,-0.14745696121460286,4.12552017969055,2.022801963185772
Chameliya/Nayalbadi,2025-08-23,94.9,111.98,7.25,14.14,0.16074999177973587,290.5004754284948,0.506,1,-0.6486904982545804,4.552823705615882,2.069321553578548
Chameliya/Nayalbadi,2025-09-15,77.8,96.95,0.0,14.14,-0.07726763112381,270.8626021223748,0.462,1,-4.605170185988091,4.354141431184346,1.9251980357621912
Chameliya/Nayalbadi,2026-05-30,53.2,11.11,0.9199999999999999,14.14,0.8307574597344362,48.54030396929638,0.403,0,-2.5894188690567694,3.9740583963475986,-0.24107205186655511
Chameliya/Nayalbadi,2026-07-01,71.7,15.37,14.459999999999999,14.14,-0.9780918031313722,79.50387777720434,0.399,1,0.03210975405963129,4.272490747605575,0.08347495677436821
Chameliya/Nayalbadi,2026-07-10,67.10000000000001,29.06,15.650000000000002,14.14,0.9216066944172967,185.48136967466218,0.496,1,0.11045782757993931,4.206184043977636,0.7203894086439309
Chameliya/Nayalbadi,2026-07-17,72.70000000000002,42.65,17.020000000000003,14.14,0.6787747274793691,226.07097498530635,0.502,1,0.19365501534509297,4.286341384539474,1.1040430598532438
Chameliya/Nayalbadi,2026-07-30,59.00000000000001,54.08,5.590000000000003,14.14,0.3641868525011452,286.4935726607612,0.511,1,-0.9030478314872954,4.07753744390572,1.3414752622195834
Chameliya/Nayalbadi,2026-08-03,73.30000000000001,59.39,16.349999999999994,14.14,0.23750056709609899,291.9627305170191,0.51,1,0.15383137243864178,4.294560608892606,1.4351350392690772
Chameliya/Nayalbadi,2026-08-10,66.10000000000002,60.38,19.529999999999994,14.14,-0.3367461250084792,324.1026424628408,0.491,1,0.33015814377698915,4.191168746857641,1.4516668254485436
Chameliya/Nayalbadi,2026-08-16,75.70000000000002,75.74,10.760000000000005,14.14,-0.505479933476371,306.6032795483179,0.484,1,-0.26011643911411336,4.3267781604434035,1.678311964981173
Chameliya/Nayalbadi,2026-08-24,60.80000000000001,81.22,0.0,14.14,0.31096432026070114,333.83675540930477,0.511,1,-4.605170185988091,4.107589788972121,1.748166173952295
Khokana,2023-06-29,86.19999999999999,133.59,326.73,6.35,-1.9458557894432011,164.229110341379,0.274,1,3.940873660042561,4.456670177669647,3.0463280806593427
Khokana,2023-07-06,60.5,191.31,0.0,6.35,-0.11382771281659224,238.72230896974318,0.356,1,-4.605170185988091,4.102643365036796,3.405445563195318
Khokana,2023-07-13,96.10000000000001,141.89,48.98000000000002,6.35,0.4651383281541356,263.6988856116247,0.394,1,2.0442528464865677,4.565389315976247,3.106604344302804
Khokana,2023-07-23,75.4,106.89,93.02,6.35,0.3349314176565834,322.2817913865564,0.412,1,2.6850421268852926,4.32280727501391,2.8233548107495987
Khokana,2023-07-30,60.39999999999999,93.62,133.94,6.35,0.15255743251875983,342.4381699599503,0.418,1,3.0494111061081908,4.100989104940769,2.6907999043885944
Khokana,2023-08-04,159.9,101.57,422.23999999999995,6.35,-0.32861937575137784,319.28418756239455,0.408,1,4.197269436947909,5.074548619839908,2.7723032484251426
Khokana,2023-08-20,175.90000000000003,70.29,583.35,6.35,-0.26898166969151205,404.5914449180651,0.418,1,4.520441384473838,5.169915651743513,2.4041889549568047
Khokana,2024-06-26,248.5,60.8,528.4000000000001,6.35,0.14610384142139796,174.68560562578207,0.341,1,4.4215189266337624,5.5154428455366835,2.2591514233006857
Khokana,2024-08-06,121.30000000000001,154.96,245.83,6.35,-0.15638198207822238,372.69926531047855,0.417,1,3.6564437024586187,4.798266815950004,3.1947186594515835
Khokana,2024-09-05,60.30000000000001,81.6,140.24,6.35,0.03602197403184471,275.45745687791117,0.417,1,3.095353120435777,4.09933210373314,2.5533867038923312
Khokana,2024-09-13,63.900000000000006,71.11,30.689999999999998,6.35,-0.046981055823514487,262.407706019279,0.404,1,1.5775489960090037,4.15731936138349,2.415787223611677
Khokana,2024-09-26,327.80000000000007,34.08,1597.97,6.35,-0.28730168916025633,192.96314895034655,0.377,1,5.528074276906515,5.792403666309729,1.6802852313490302
Khokana,2025-06-17,113.60000000000001,30.62,178.26999999999998,6.35,-1.8399575734343732,142.6035005389772,0.247,1,3.335200579902299,4.732683506287051,1.5732312351848707
Khokana,2025-06-24,66.30000000000003,160.44,15.159999999999997,6.35,-0.17599794975628968,241.10002756114284,0.322,1,0.874385473670245,4.1941898971918175,3.2294714608374635
Khokana,2025-06-29,94.50000000000003,161.93,327.98,6.35,0.4841611059044079,262.6013841075369,0.358,1,3.9446914086372495,4.548599834499697,3.238715505669646
Khokana,2025-07-27,131.20000000000005,61.95,225.45,6.35,-0.024875681638435506,248.44554507498918,0.407,1,3.5699252112084836,4.876722876509989,2.27788893709031
Khokana,2025-08-03,92.90000000000003,145.89,141.51,6.35,-0.23682051375024976,336.62094477733075,0.41,1,3.1043642039481987,4.531523645819793,3.1344049546351145
Khokana,2025-08-09,82.10000000000004,173.58,143.10999999999999,6.35,-0.3482032069685916,372.4870167515916,0.412,1,3.1156023686310736,4.407938016458383,3.308189536327281
Khokana,2025-08-31,61.20000000000003,117.3,46.519999999999996,6.35,-0.281518959132026,326.26140699134993,0.412,1,1.9927915882736296,4.114147189518281,2.916288467867681
Khokana,2025-09-14,114.20000000000002,52.46,178.81,6.35,0.1844491246857803,278.45046660677366,0.412,1,3.3382240391926197,4.73795129722191,2.111615223495032
Khokana,2025-10-04,124.40000000000002,76.27,893.24,6.35,0.9205632958114833,259.57415545971617,0.409,0,4.946471575852161,4.823502180305079,2.4858379745006594
Khokana,2026-04-29,69.50000000000003,2.31,97.38,6.35,0.999391543748788,75.95997077183752,0.291,0,2.7308179099521253,4.241326752570747,-1.0107744816123565
Khokana,2026-07-08,165.60000000000002,102.75,469.04999999999995,6.35,0.19702129417344996,210.1942242711003,0.372,1,4.302389930527763,5.109575241951159,2.783853772784482
Khokana,2026-08-01,94.00000000000003,94.72,131.27,6.35,-0.1622229039189129,408.43917195861883,0.41,1,3.029285076759952,4.543294782270004,2.7024809156077985
Khokana,2026-08-09,90.40000000000002,157.12,68.87,6.35,-0.3482032069685916,415.6821717221499,0.412,1,2.3846874588536124,4.504244267398131,3.20856139624342
Khokana,2026-08-22,64.10000000000002,144.55,0.0,6.35,-0.7201037691707295,378.9939567119796,0.402,1,-4.605170185988091,4.160444363926625,3.1251775735552716
Rasuwagadhi,2023-02-27,33.300000000000004,6.82,0.5,41.07,-1.577102104537099,29.216690735909673,0.291,0,-3.8088196723768313,3.5055573969863985,-1.7952718392958849
Rasuwagadhi,2023-03-20,41.5,6.13,3.250000000000001,41.07,0.17184258829960528,57.54760443548408,0.344,0,-2.4176235420118473,3.7256934272366524,-1.9019200591879164
Rasuwagadhi,2023-04-25,38.5,11.88,3.4899999999999984,41.07,1.16401981975932,76.2140253230275,0.378,0,-2.3541219037592764,3.6506582412937387,-1.2403374424923168
Rasuwagadhi,2023-05-03,33.3,12.3,11.93,41.07,1.9682463356884228,94.8265542151565,0.399,0,-1.2023751850060862,3.505557396986398,-1.2055973680818193
Rasuwagadhi,2023-06-08,44.0,38.72,107.50999999999999,41.07,0.6784760940356968,78.80161566588251,0.37,1,0.9661187701961351,3.784189633918261,-0.058895839447306926
Rasuwagadhi,2023-06-29,99.69999999999999,310.17,95.26999999999998,41.07,-0.3313797532116853,86.0975038520147,0.356,1,0.8457386782606037,4.602165676967792,2.0218458303314777
Rasuwagadhi,2023-08-08,42.199999999999996,390.74,124.67999999999995,41.07,0.047781994948791186,101.33180369071354,0.4,1,1.113761146213426,3.742420221041966,2.252767008438305
Rasuwagadhi,2023-08-13,39.699999999999996,404.51,110.90999999999997,41.07,0.1218197024194964,112.52297930836623,0.405,1,0.9971372968476769,3.6813511876931444,2.2874010022270763
Rasuwagadhi,2023-08-25,49.8,382.71,60.920000000000016,41.07,-0.09960716079601878,118.76219513741432,0.404,1,0.401002605268076,3.9080149840306073,2.2320022071909547
Rasuwagadhi,2023-09-09,77.79999999999998,260.22,0.0,41.07,-0.24810895804374275,137.3453438998992,0.4,1,-4.605170185988091,4.354141431184345,1.8462533420016385
Rasuwagadhi,2023-10-03,87.19999999999999,156.76,12.060000000000002,41.07,0.11681643810842106,121.93517008652286,0.397,0,-1.1918960351286807,4.468204330914934,1.3394444245209784
Rasuwagadhi,2024-07-05,127.7,369.68,152.92000000000002,41.07,-2.1467549407516207,75.27131776377384,0.315,1,1.317319098786047,4.8496837630384935,2.197362543632084
Rasuwagadhi,2024-07-12,57.3,425.58,66.59000000000003,41.07,-0.13699355150386505,172.07047064087976,0.373,1,0.489425139129116,4.048300623720694,2.3381773662053025
Rasuwagadhi,2024-08-06,77.80000000000001,485.41,30.009999999999934,41.07,0.11334199075649362,131.22596176318774,0.401,1,-0.3001546302252183,4.354141431184346,2.4697180267895518
Rasuwagadhi,2024-09-11,55.8,335.51,0.0,41.07,-0.8763522169380314,99.99838556720594,0.383,1,-4.605170185988091,4.021773869387265,2.1003768147910367
Rasuwagadhi,2024-09-26,196.29999999999998,228.09,277.9,41.07,-0.23869191680773022,123.53357933886784,0.392,1,1.913460187542573,5.279644101282416,1.7144667441646706
Rasuwagadhi,2024-10-23,44.4,151.05,0.0,41.07,0.034625548968495796,127.82808458731459,0.378,0,-4.605170185988091,3.7932394694381792,1.3023396001666956
Rasuwagadhi,2025-03-13,33.400000000000006,10.78,5.640000000000002,41.07,-1.00352046936687,57.25860206419205,0.311,0,-1.9151039601393935,3.508555899982655,-1.3374926024114864
Rasuwagadhi,2025-05-22,91.2,47.87,43.17000000000001,41.07,-1.2012050605541729,77.70938217815717,0.318,0,0.05933646383295898,4.513054897080286,0.15323196512793258
Rasuwagadhi,2025-06-05,33.2,108.4,2.539999999999992,41.07,0.48405797976971204,135.4414319271675,0.364,1,-2.633235497629525,3.502549875922443,0.9705593860867788
Rasuwagadhi,2025-07-17,35.5,351.37,6.550000000000011,41.07,-1.6012272518590553,78.80277503636594,0.339,1,-1.774997883966791,3.56953269648137,2.146564717344268
Rasuwagadhi,2025-07-28,91.6,357.92,64.71999999999997,41.07,-1.6388674066436157,93.17252920548394,0.348,1,0.46111809226738476,4.517431271680085,2.1650343636898786
Rasuwagadhi,2025-08-04,44.8,388.94,0.0,41.07,-0.07362989693688389,158.57781206713605,0.394,1,-4.605170185988091,3.8022081394209395,2.2481497331956204
Rasuwagadhi,2025-09-02,44.0,340.98,0.0,41.07,-0.28412312628387776,104.72821886089471,0.4,1,-4.605170185988091,3.784189633918261,2.116548829287644
Rasuwagadhi,2025-09-15,82.6,261.42,34.75,41.07,-0.48528853366461977,91.05628105444192,0.392,1,-0.15534894636218652,4.414009680526933,1.8508542066436526
Rasuwagadhi,2025-10-03,122.9,196.24,130.09999999999997,41.07,0.11681643810842106,112.00200350627921,0.397,0,1.1561772877702574,4.811371016571989,1.564065567769843
Rasuwagadhi,2025-10-30,49.5,96.72,53.28999999999999,41.07,0.03122602038866353,93.3829163533859,0.373,0,0.2681481088431423,3.901972669574645,0.856552617407864
Rasuwagadhi,2026-04-08,35.900000000000006,13.35,3.1899999999999995,41.07,0.13136521629191056,50.86624906382493,0.349,0,-2.4341496569638297,3.580737295494233,-1.1236866395605092
Rasuwagadhi,2026-05-01,42.10000000000001,21.8,37.870000000000005,41.07,0.33844769219310505,69.06714865153322,0.357,0,-0.07033207523951643,3.740047740688336,-0.6333220876658587
Rasuwagadhi,2026-05-07,58.7,57.21,0.0,41.07,0.3735112885960473,105.89319122608346,0.358,0,-4.605170185988091,4.072439726834051,0.3314682596208387
Rasuwagadhi,2026-05-29,81.60000000000001,60.8,17.269999999999996,41.07,1.054450065922153,103.74048675787323,0.377,0,-0.8428042787825618,4.401829261970062,0.3923283082368187
Rasuwagadhi,2026-07-08,135.5,357.1,195.25,41.07,0.815226950314151,150.78599418983458,0.393,1,1.5611041086890882,4.908971640319756,2.162740726964055
Rasuwagadhi,2026-07-23,38.10000000000001,537.27,0.0,41.07,1.1363069216711759,264.5983673943909,0.415,1,-4.605170185988091,3.6402142821326553,2.571224694738121
Rasuwagadhi,2026-07-30,67.10000000000001,491.04,41.29000000000002,41.07,0.5868019438156602,228.3920231651445,0.407,1,0.015239987266139536,4.206184043977636,2.481249699394857
Rasuwagadhi,2026-08-05,90.80000000000001,503.66,28.670000000000016,41.07,0.9460969033891219,245.44453829963476,0.421,1,-0.34520320406604016,4.508659285607248,2.506625494745605
Rasuwagadhi,2026-08-13,46.1,486.53,39.700000000000045,41.07,0.238353705115109,245.63748862371028,0.408,1,-0.023634796331808323,3.8308129500026027,2.47202269207974
Rasuwagadhi,2026-08-19,66.30000000000001,505.99,3.509999999999991,41.07,0.28245039120940424,243.57681348328003,0.412,1,-2.349007718679507,4.194189897191817,2.511240954599551
Bahrabise,2023-06-22,125.5,50.76,156.69,26.42,-2.019859246964506,68.84457350821366,0.206,1,1.781832743950424,4.832305758571839,0.6530070441095697
Bahrabise,2023-06-29,69.39999999999999,148.97,58.47999999999999,26.42,-1.3752164132018312,181.90030977695332,0.251,1,0.7990711256523576,4.239886867512759,1.7296303570357503
Bahrabise,2023-07-07,85.69999999999999,167.66,91.96000000000001,26.42,-0.11015112886969852,216.21675900329348,0.324,1,1.25010126991342,4.450852825603734,1.8478227845496116
Bahrabise,2023-07-16,109.99999999999999,232.35,132.23999999999998,26.42,0.6742122497768807,239.8213292104719,0.382,1,1.6124930439429304,4.700480365792416,2.1741278602794942
Bahrabise,2023-08-12,93.69999999999999,242.78,193.73999999999998,26.42,-0.4598899623008208,223.29540640035012,0.403,1,1.9937585092193382,4.540098189244376,2.218038503322428
Bahrabise,2023-08-21,61.59999999999999,224.42,121.32000000000002,26.42,-0.6606045691403248,256.6362734846506,0.404,1,1.5264857277851802,4.1206618705394735,2.139402453063457
Bahrabise,2023-08-24,90.59999999999998,246.17,99.57000000000002,26.42,-0.40132770633101,254.27252497890228,0.415,1,1.3293895108907599,4.506454213048934,2.2319051173040405
Bahrabise,2024-06-19,70.39999999999999,33.2,67.42,26.42,-1.8223787386698587,77.45247064359836,0.208,1,0.9407314710159375,4.254193263163996,0.22845869685657869
Bahrabise,2024-07-02,174.79999999999995,154.6,167.98999999999998,26.42,-0.989424894921065,156.0317888501638,0.278,1,1.8513546319719882,5.163642463221435,1.766726305343527
Bahrabise,2024-07-11,142.39999999999998,206.97,120.13000000000002,26.42,0.8429334553793508,284.1427905569578,0.376,1,1.516650059862722,4.958639998977875,2.0584573877383843
Bahrabise,2024-07-28,108.79999999999998,306.61,43.139999999999986,26.42,0.6848405190085015,342.96274190765405,0.419,1,0.4964349115234078,4.689511334421842,2.4514585440646015
Bahrabise,2024-09-01,54.399999999999984,233.42,0.0,26.42,-0.7765355009148874,276.5921478889651,0.399,1,-4.605170185988091,3.996364153861897,2.1787223910038915
Bahrabise,2024-09-26,265.79999999999995,139.28,246.98,26.42,0.11458579420858903,191.8823704739732,0.395,1,2.2362552130950752,5.582744146279145,1.6623721761217145
Bahrabise,2025-05-19,87.99999999999997,22.99,5.120000000000001,26.42,1.5903391380219518,36.77115854640351,0.281,0,-1.590652560339163,4.477336814478206,-0.13901846409238
Bahrabise,2025-06-21,80.09999999999997,54.46,161.81,26.42,0.4468768955599609,130.944059911016,0.297,1,1.8139329559682718,4.383275854074313,0.7233635500834773
Bahrabise,2025-07-01,111.09999999999998,210.84,14.620000000000005,26.42,2.383034194575033,230.01978043052966,0.4,1,-0.5738210514520302,4.7104306966455844,2.076982995814609
Bahrabise,2025-07-13,57.89999999999997,214.77,0.0,26.42,1.7075762315465948,304.64682634891324,0.412,1,-4.605170185988091,4.058717384578949,2.095451045114966
Bahrabise,2025-07-27,96.99999999999997,205.06,71.91000000000003,26.42,0.397875368201315,270.0904514356063,0.403,1,1.0049613422229708,4.574710978503383,2.049186196757352
Bahrabise,2025-08-04,62.99999999999997,220.31,0.0,26.42,0.32508614703457606,300.2413955189362,0.419,1,-4.605170185988091,4.143134726391533,2.1209188853785923
Bahrabise,2025-08-08,70.19999999999997,211.81,46.00999999999999,26.42,0.019930309613657254,300.4706181588955,0.415,1,0.5604632712634852,4.251348311031765,2.08157306851299
Bahrabise,2025-08-13,72.49999999999997,208.89,48.93000000000001,26.42,-0.07416011905662374,285.00597411019464,0.419,1,0.6216544312760999,4.283586561860629,2.067691285725506
Bahrabise,2025-08-26,53.49999999999997,213.29,27.810000000000002,26.42,-0.1981910296233353,284.1001110658771,0.423,1,0.06072970602193027,3.9796816539019604,2.0885361314001027
Bahrabise,2025-08-30,61.49999999999998,216.77,13.439999999999998,26.42,-0.07740025059342713,288.411853588851,0.427,1,-0.6564189438998135,4.119037174812472,2.1047201976864933
Bahrabise,2025-09-15,102.89999999999998,175.2,17.890000000000015,26.42,-0.7285999754381027,219.26062065289554,0.386,1,-0.3752193601946389,4.633757642840004,1.8918125871543796
Bahrabise,2025-10-04,79.09999999999997,132.66,164.88000000000002,26.42,-0.3683560706012004,165.1933107278284,0.361,0,1.8326977325376592,4.3707128747736075,1.613675703042059
Bahrabise,2026-04-30,62.99999999999997,22.99,11.250000000000004,26.42,-1.6502252180420616,66.13457978438409,0.153,0,-0.8305402428333521,4.143134726391533,-0.13901846409238
Bahrabise,2026-06-29,94.69999999999996,59.67,168.42000000000002,26.42,-3.34806022022651,79.47232359849185,0.176,1,1.8539070286916526,4.550714000192032,0.8147248411396716
Bahrabise,2026-07-08,61.699999999999974,188.23,119.79999999999998,26.42,-1.11390949875746,213.58115013174802,0.289,1,1.5139053006263896,4.122283930911342,1.9635486328772136
Bahrabise,2026-07-13,135.89999999999998,228.09,143.29999999999998,26.42,-0.4493996641337194,236.76972508127216,0.33,1,1.6926610228174608,4.9119193211570975,2.1556233730389587
Bahrabise,2026-08-03,105.69999999999996,288.73,57.00999999999999,26.42,0.38029748360491533,346.30149633300147,0.419,1,0.7737289614481362,4.660604892876192,2.391374159711051
Bahrabise,2026-08-10,64.19999999999996,301.0,12.050000000000011,26.42,0.14363937005807023,380.67135150584545,0.423,1,-0.7633682310609136,4.162003210695915,2.4329922879083137
Bahrabise,2026-08-15,58.79999999999996,298.23,0.0,26.42,-0.18974991082781623,362.3926058725851,0.417,1,-4.605170185988091,4.074141854904581,2.4237470549090845
Bahrabise,2026-08-21,62.99999999999996,262.03,0.0,26.42,-0.6342999850466624,325.46732133064893,0.405,1,-4.605170185988091,4.143134726391532,2.294341518278273
Chisapani,2023-06-25,85.1,769.9,3397.7899999999995,511.86,-1.0339877865908629,73.65870483848617,0.307,1,1.8943346653374182,4.443827035579329,0.40821078500448504
Chisapani,2023-07-24,68.5,4007.67,18.5,511.86,-0.19040458514476408,273.7897239369985,0.393,1,-3.0760166129396413,4.22683374526818,2.057914403418473
Chisapani,2023-08-06,79.60000000000001,3563.51,720.9799999999996,511.86,-0.6343804576916217,230.64117908148586,0.397,1,0.3496346681266074,4.377014092850337,1.940450423641316
Chisapani,2023-08-12,103.8,3961.78,1596.2599999999998,511.86,-0.11901605409386867,266.9759440744886,0.419,1,1.1405690120934788,4.642465970731788,2.0463978004685335
Chisapani,2023-08-22,96.69999999999999,4044.76,642.3699999999999,511.86,-0.6974828192043498,283.7320561226669,0.399,1,0.2350500370924376,4.571613402459248,2.0671265923078472
Chisapani,2023-09-10,52.3,2963.83,234.07000000000016,511.86,-1.4913122634513691,213.92712062191936,0.345,1,-0.760798788070777,3.9569963710708773,1.7561868170978976
Chisapani,2024-06-25,68.0,747.17,779.4,511.86,-0.40796126072268146,54.94154352369729,0.33,1,0.4270191311123911,4.219507705176107,0.37824292444961705
Chisapani,2024-06-30,386.70000000000005,1012.91,5623.52,511.86,0.14942038072109154,135.15101343046354,0.358,1,2.397571730020996,5.957649198613251,0.6825324923923218
Chisapani,2024-07-16,82.5,4007.67,198.60000000000036,511.86,1.1244596076958178,460.3449862119501,0.424,1,-0.9213115203333648,4.412798293340635,2.057914403418473
Chisapani,2024-08-06,119.0,4225.69,973.2700000000004,511.86,-0.2516490867221198,317.18596767043755,0.411,1,0.6478557824802172,4.77912349311153,2.1108869265655823
Chisapani,2024-08-19,74.6,4644.15,252.64000000000033,511.86,-0.6641333393193667,363.7496527558179,0.401,1,-0.6860276621438057,4.312140507209715,2.2053127072137326
Chisapani,2024-08-28,61.3,4414.7,0.0,511.86,-0.2521579658193702,335.57435748464746,0.408,1,-4.605170185988091,4.115779842942166,2.1546442369267416
Chisapani,2024-09-12,106.3,3364.12,793.9899999999998,511.86,-0.38134025959531914,244.79853005343904,0.376,1,0.44544570628121816,4.666265285347902,1.8828708393817315
Chisapani,2024-09-27,119.60000000000001,2617.18,946.3300000000004,511.86,0.4376740435340378,210.725057224552,0.365,1,0.6199345151599442,4.784152841516532,1.6318019131537544
Chisapani,2025-06-29,78.5,1989.67,1358.9899999999998,511.86,1.6385575884048196,139.71265823567757,0.405,1,0.9802053038536713,4.363098624788363,1.3576734272687596
Chisapani,2025-08-03,153.9,3748.73,1510.44,511.86,-0.6231777908169996,176.2336760316528,0.394,1,1.0854882127082115,5.0363030408448335,1.9911215115455976
Chisapani,2025-08-13,62.00000000000001,4840.72,298.71999999999935,511.86,-0.1312510703388312,289.0102417906834,0.419,1,-0.5215545107835572,4.127134385045092,2.2467678054096947
Chisapani,2025-08-21,53.1,4851.89,0.0,511.86,-0.5942236081238064,278.10466139877826,0.403,1,-4.605170185988091,3.9721769282478934,2.2490726547000395
Chisapani,2025-08-25,68.7,4435.09,113.78999999999996,511.86,-0.40237406700802136,277.84618486343857,0.407,1,-1.4596960193787742,4.229749199228304,2.159252262986547
Chisapani,2025-08-30,62.7,4294.36,339.1100000000006,511.86,0.19605884058481515,285.4576401544298,0.422,1,-0.396745178597071,4.138361447638875,2.1270068955527766
Chisapani,2025-09-16,92.4,3579.96,724.3100000000004,511.86,0.4780885238583266,251.21553176855306,0.398,1,0.35421033776706157,4.526126978647638,1.9450560353320006
Chisapani,2026-05-01,60.9,380.94,283.33,511.86,0.8377871940529102,58.150798788977255,0.344,0,-0.5735342429850128,4.109233174715851,-0.2954066426563753
Chisapani,2026-06-30,108.69999999999999,971.75,1064.29,511.86,-2.643026268751746,82.2077445690236,0.261,1,0.7368099142262869,4.688591794127164,0.6410484486544078
Chisapani,2026-07-07,99.8,1716.91,680.9199999999998,511.86,-1.6681683984528102,161.87763012279757,0.308,1,0.292882744215804,4.603168183317418,1.2102308748101338
Chisapani,2026-07-17,61.1,2332.46,517.56,511.86,0.24374060310156775,235.53241337088323,0.394,1,0.020915593465600197,4.11251186617755,1.5166280621758208
Chisapani,2026-07-31,89.8,2772.32,702.04,511.86,-0.09284965780524555,273.65759701893046,0.408,1,0.32320381873721826,4.497584975308154,1.6893890043225337
Chisapani,2026-08-10,55.3,3082.19,572.7599999999998,511.86,-0.40911562419974495,332.2905677290007,0.408,1,0.12131266186128654,4.012772908528289,1.7953448365561422
Chisapani,2026-08-15,106.0,3379.65,395.0699999999997,511.86,-0.0003720708428032086,333.33655264475334,0.424,1,-0.24611521416187443,4.663439094112067,1.8874765785594299
Chisapani,2026-08-25,51.7,3571.73,0.0,511.86,-0.6078751680800117,319.8785669571365,0.4,1,-4.605170185988091,3.9454577815143836,1.9427544810612174
