Location,dry_pairs,raw_median_ratio,used_c,kappa_days,fallback
Chatara,302,0.9817020269737361,0.9817020269737361,54.149323123419116,site
Bhada Bridge,479,0.9894459102902374,0.9894459102902374,94.24911582006594,site
Belsot,418,0.996881496881497,0.996881496881497,320.16640638540235,site
Kusum,435,0.9927007299270073,0.9927007299270073,136.49938949720527,site
Devghat,392,0.9681363952361408,0.9681363952361408,30.88107016408698,site
Chameliya/Nayalbadi,363,0.992619926199262,0.992619926199262,134.99938271379116,site
Khokana,103,0.7719298245614036,0.7719298245614036,3.863067635288826,site
Rasuwagadhi,190,0.9695359734841991,0.9695359734841991,32.32302358024371,site
Bahrabise,334,0.9874045462815748,0.9874045462815748,78.89266960694441,site
Chisapani,368,0.9862312697039658,0.9862312697039658,72.12718279903869,site
