h,Group,share_pct
1,flow lags,41.67059421993034
1,current rain,25.480417045014146
1,antecedent rain,5.131948782212673
1,soil moisture,3.2712657956412454
1,"temperature, humidity, snow",11.421119535857297
1,season,9.221054602665589
1,site & elevation,3.8036000186787358
3,flow lags,37.61826251079193
3,current rain,21.031702999082572
3,antecedent rain,5.285081592689324
3,soil moisture,3.6196543969024684
3,"temperature, humidity, snow",12.053507432594563
3,season,16.670781515368912
3,site & elevation,3.721009552570223
7,flow lags,41.95242973780361
7,current rain,9.13393357070777
7,antecedent rain,9.608045655879275
7,soil moisture,3.502644784451193
7,"temperature, humidity, snow",7.501739607805849
7,season,24.440180962521616
7,site & elevation,3.8610256808306853
