Split,h,Comparison,median Δ log-NSE,sites better
chrono,1,physical adjacency vs none,-7.840396204378264e-05,4/10
chrono,1,learned adjacency vs none,3.1775668076383656e-05,6/10
chrono,1,graph(no edges) vs LSTM,-0.0004144834579019041,4/10
chrono,1,tuned vs default HGB,-3.7974849727562265e-05,5/10
chrono,1,tuned vs default LSTM,0.000490559585510475,8/10
chrono,1,TFT-lite vs LSTM,0.0006601853319375128,6/10
chrono,3,physical adjacency vs none,-0.0009994517516101475,2/10
chrono,3,learned adjacency vs none,0.0002512006889727192,5/10
chrono,3,graph(no edges) vs LSTM,0.0001421420845440502,6/10
chrono,3,tuned vs default HGB,0.010393873620308802,9/10
chrono,3,tuned vs default LSTM,-0.00043676693398136957,4/10
chrono,3,TFT-lite vs LSTM,0.0027485064799899206,7/10
chrono,7,physical adjacency vs none,-0.0019052020208735199,4/10
chrono,7,learned adjacency vs none,0.0007083414830582058,6/10
chrono,7,graph(no edges) vs LSTM,0.00276119176865236,7/10
chrono,7,tuned vs default HGB,0.023291024240156333,9/10
chrono,7,tuned vs default LSTM,0.000383650279555392,5/10
chrono,7,TFT-lite vs LSTM,0.004613666990629317,7/10
fc,1,physical adjacency vs none,0.0005249646124763085,5/10
fc,1,learned adjacency vs none,0.0007806698755420949,7/10
fc,1,graph(no edges) vs LSTM,0.0007402578237550306,6/10
fc,1,TFT-lite vs LSTM,0.003761670652051574,7/10
fc,3,physical adjacency vs none,0.0056023806618545335,7/10
fc,3,learned adjacency vs none,0.006071545475509532,7/10
fc,3,graph(no edges) vs LSTM,-0.00027302060414685636,5/10
fc,3,TFT-lite vs LSTM,0.025060096072588245,9/10
fc,7,physical adjacency vs none,0.02125501370518945,7/10
fc,7,learned adjacency vs none,0.031371883005746226,9/10
fc,7,graph(no edges) vs LSTM,-0.03550757470595073,4/10
fc,7,TFT-lite vs LSTM,0.0555636275139374,8/10
fc26,1,physical adjacency vs none,0.00029999611174030827,6/10
fc26,1,learned adjacency vs none,0.0004672227558900066,7/10
fc26,1,graph(no edges) vs LSTM,0.002171459634979389,7/10
fc26,1,tuned vs default HGB,-0.0016550985450409783,4/10
fc26,1,tuned vs default LSTM,0.00208729827269194,8/10
fc26,1,TFT-lite vs LSTM,0.009654534360170663,9/10
fc26,3,physical adjacency vs none,0.003160387125267561,6/10
fc26,3,learned adjacency vs none,0.010174046712635443,8/10
fc26,3,graph(no edges) vs LSTM,-0.004050538510801893,5/10
fc26,3,tuned vs default HGB,0.014814443042924619,8/10
fc26,3,tuned vs default LSTM,0.0005772240739360113,5/10
fc26,3,TFT-lite vs LSTM,0.012306793401549332,9/10
fc26,7,physical adjacency vs none,0.013891689803597507,7/10
fc26,7,learned adjacency vs none,0.03641311569622957,8/10
fc26,7,graph(no edges) vs LSTM,-0.03130441047066157,2/10
fc26,7,tuned vs default HGB,0.09887749311601512,10/10
fc26,7,tuned vs default LSTM,-0.011220093377550866,3/10
fc26,7,TFT-lite vs LSTM,0.00942468574642219,8/10
