Split,Held-out monsoon,h,B0_persistence logNSE,B0_persistence NSE,B3_ARX logNSE,B3_ARX NSE,HGB logNSE,HGB NSE,LSTM logNSE,LSTM NSE
lomo,2023,1,0.9491618112600657,0.8650731802048122,0.9557452402346917,0.8833051533799927,0.9619349893489396,0.8784191273071533,,
lomo,2023,3,0.8297601726157915,0.6528959708870411,0.860925392528792,0.6663311563378023,0.8861736804976258,0.630945871095175,,
lomo,2023,7,0.5319810635264349,0.29795396214264985,0.631843469653843,0.35182954642246067,0.5161038731804075,0.03200111603521949,,
lomo,2024,1,0.9319192257230018,0.6663819868865405,0.9458470010106739,0.7446489946619262,0.973089220587974,0.8516838829318566,,
lomo,2024,3,0.7362711791573957,0.051617349965835,0.7971562916046664,0.368175442674383,0.7810823790374752,0.313759954417673,,
lomo,2024,7,0.43153100114770715,-0.2800974396349495,0.5879212409029455,0.13787472811439894,0.5498154482051885,0.0720607654805272,,
lomo,2025,1,0.9589313770341394,0.9070482973403938,0.9610135163895057,0.9129975656888929,0.9604653126138545,0.9038896105459175,,
lomo,2025,3,0.8650186273580813,0.7807763995125334,0.8868267445412453,0.7676498701314718,0.8702843396473428,0.7686070998135058,,
lomo,2025,7,0.5746596005979983,0.39389185430228185,0.7176156361495201,0.5336495363553493,0.6709767612306599,0.46923415773313903,,
lomo,2026,1,0.9557135031366131,0.9243687378044156,0.9619633491841655,0.9300608123228278,0.9647987869683821,0.9356846570434015,,
lomo,2026,3,0.8544826441954246,0.7969669611887189,0.8882578331268103,0.8306544785121672,0.847841915694791,0.7200434083075963,,
lomo,2026,7,0.6003502377185288,0.5006479825760375,0.7397777964738463,0.6438388014646657,0.6099529870256358,0.559434996382394,,
fc,2025,1,0.9589313770341394,0.9070482973403938,0.9603609140158198,0.910939408385945,0.9571476529071402,0.9160160122668419,0.9668516567231373,0.9280397458958061
fc,2025,3,0.8650186273580813,0.7807763995125334,0.8708353271637588,0.764078610134999,0.866856325445445,0.7276541029717959,0.8706066532217376,0.8012862167000963
fc,2025,7,0.5746596005979983,0.39389185430228185,0.7137771280406299,0.5448803037439913,0.6332075340986649,0.39316211004843205,0.6926501436401211,0.503969575709001
fc,2026,1,0.9557135031366131,0.9243687378044156,0.9619632683407044,0.9300558531615013,0.9679136979559617,0.9331378820507696,0.9541840085952723,0.9159771622573691
fc,2026,3,0.8544826441954246,0.7969669611887189,0.8883386672936326,0.8306560318826632,0.8529069786880658,0.7528118812022171,0.8549135707062142,0.7457339277959655
fc,2026,7,0.6003502377185288,0.5006479825760375,0.7394189841913306,0.6441806480179071,0.607985855306516,0.5185245442838162,0.7588755762626147,0.6046012741384794
