Model,h,day POD,day FAR,day CSI,events,event POD,timing MAE (d),median peak rel. err
B0_persistence,1,0.5660377358490566,0.4339622641509434,0.39473684210526316,41,1.0,0.9666666666666666,0.0
B0_persistence,3,0.3137254901960784,0.6952380952380952,0.18285714285714286,41,0.3902439024390244,2.4166666666666665,0.0
B3_ARX,1,0.6132075471698113,0.36893203883495146,0.4513888888888889,41,0.8536585365853658,0.9466666666666667,-0.004796318583296525
B3_ARX,3,0.3431372549019608,0.6634615384615384,0.2046783625730994,41,0.36585365853658536,1.65625,-0.022732391489120568
HGB,1,0.5849056603773585,0.3541666666666667,0.44285714285714284,41,0.7317073170731707,0.8283333333333334,-0.029211447129140415
HGB,3,0.24509803921568626,0.7023809523809523,0.15527950310559005,41,0.36585365853658536,1.9642857142857142,-0.040349769749383785
LSTM,1,0.5566037735849056,0.3854166666666667,0.4125874125874126,41,0.8292682926829268,1.0083333333333333,-0.0764518463058605
LSTM,3,0.3137254901960784,0.6404494382022472,0.20125786163522014,41,0.36585365853658536,1.6333333333333335,0.01870774630789035
HGB_tuned,1,0.5660377358490566,0.3181818181818182,0.44776119402985076,41,0.8536585365853658,0.8783333333333335,-0.04544068247393518
HGB_tuned,3,0.29411764705882354,0.6153846153846154,0.2,41,0.4146341463414634,2.0833333333333335,-0.08692997600671826
LSTM_tuned,1,0.5849056603773585,0.3673469387755102,0.43661971830985913,41,0.8048780487804879,1.0083333333333333,-0.07361518798880007
LSTM_tuned,3,0.29411764705882354,0.6385542168674698,0.1935483870967742,41,0.3902439024390244,1.3571428571428572,0.01736816393369624
TFT_lite,1,0.6226415094339622,0.38317757009345793,0.4489795918367347,41,0.8536585365853658,0.93,-0.035889980792875725
TFT_lite,3,0.3137254901960784,0.6049382716049383,0.2119205298013245,41,0.3902439024390244,1.90625,-0.09953624138312306
GRAPH_phys,1,0.5754716981132075,0.35106382978723405,0.43884892086330934,41,0.8536585365853658,0.95,-0.05306601343852711
GRAPH_phys,3,0.27450980392156865,0.631578947368421,0.18666666666666668,41,0.34146341463414637,2.46875,-0.09649679236262587
