Location,Origin,Scenario,Q_pred,change_vs_baseline_pct,Q_observed_next_day
Khokana,2024-09-26,baseline,5.681580716759366,0.0,14.38
Khokana,2024-09-26,soil −1σ,5.681580716759366,0.0,14.38
Khokana,2024-09-26,soil +1σ,5.801171471508955,2.104885254852107,14.38
Khokana,2024-09-26,rain ×0.8,5.722262399144641,0.7160275355285073,14.38
Khokana,2024-09-26,rain ×1.2,5.990310346439561,5.433868584661883,14.38
Khokana,2024-09-26,rain ×1.2 & soil +1σ,6.115426920750741,7.636012328604735,14.38
Khokana,2024-09-27,baseline,12.461741948602484,0.0,57.61
Khokana,2024-09-27,soil −1σ,12.08617812564239,-3.013734552593683,57.61
Khokana,2024-09-27,soil +1σ,12.339629219136475,-0.9799009638432055,57.61
Khokana,2024-09-27,rain ×0.8,12.48704122691751,0.20301558497497485,57.61
Khokana,2024-09-27,rain ×1.2,12.461741948602484,0.0,57.61
Khokana,2024-09-27,rain ×1.2 & soil +1σ,12.339629219136475,-0.9799009638432055,57.61
Kusum,2024-09-26,baseline,227.86274171423943,0.0,608.54
Kusum,2024-09-26,soil −1σ,228.44540148238218,0.25570646774428774,608.54
Kusum,2024-09-26,soil +1σ,230.87999725753016,1.3241548489198118,608.54
Kusum,2024-09-26,rain ×0.8,227.99437403489097,0.057768251036227625,608.54
Kusum,2024-09-26,rain ×1.2,232.27284811608246,1.9354223374410617,608.54
Kusum,2024-09-26,rain ×1.2 & soil +1σ,235.34824513704578,3.2850931953561036,608.54
Kusum,2024-09-27,baseline,850.8266564255953,0.0,3175.87
Kusum,2024-09-27,soil −1σ,818.8739887161817,-3.7554850295417275,3175.87
Kusum,2024-09-27,soil +1σ,850.8266564255953,0.0,3175.87
Kusum,2024-09-27,rain ×0.8,837.5938730427617,-1.5552854724164011,3175.87
Kusum,2024-09-27,rain ×1.2,853.5057832994421,0.3148851594638735,3175.87
Kusum,2024-09-27,rain ×1.2 & soil +1σ,853.5057832994421,0.3148851594638735,3175.87
Devghat,2024-09-26,baseline,5.142659546262716,0.0,4.75
Devghat,2024-09-26,soil −1σ,5.142659546262716,0.0,4.75
Devghat,2024-09-26,soil +1σ,5.142659546262716,0.0,4.75
Devghat,2024-09-26,rain ×0.8,5.107689734138716,-0.6799946955347913,4.75
Devghat,2024-09-26,rain ×1.2,5.246648708585518,2.022089181430897,4.75
Devghat,2024-09-26,rain ×1.2 & soil +1σ,5.246648708585518,2.022089181430897,4.75
Devghat,2024-09-27,baseline,7.569211174664863,0.0,10.3
Devghat,2024-09-27,soil −1σ,7.569211174664863,0.0,10.3
Devghat,2024-09-27,soil +1σ,7.569211174664863,0.0,10.3
Devghat,2024-09-27,rain ×0.8,7.585194925139152,0.21116798178109075,10.3
Devghat,2024-09-27,rain ×1.2,7.569211174664863,0.0,10.3
Devghat,2024-09-27,rain ×1.2 & soil +1σ,7.569211174664863,0.0,10.3
Chatara,2024-09-26,baseline,6.496716909264678,0.0,15.0
Chatara,2024-09-26,soil −1σ,6.496716909264678,0.0,15.0
Chatara,2024-09-26,soil +1σ,6.496716909264678,0.0,15.0
Chatara,2024-09-26,rain ×0.8,6.214612477315551,-4.342261420485016,15.0
Chatara,2024-09-26,rain ×1.2,6.482759666185292,-0.21483532797129667,15.0
Chatara,2024-09-26,rain ×1.2 & soil +1σ,6.482759666185292,-0.21483532797129667,15.0
Chatara,2024-09-27,baseline,21.35230807619681,0.0,23.27
Chatara,2024-09-27,soil −1σ,21.556924059460712,0.9582850834379153,23.27
Chatara,2024-09-27,soil +1σ,21.35230807619681,0.0,23.27
Chatara,2024-09-27,rain ×0.8,21.230205762143807,-0.5718459738276227,23.27
Chatara,2024-09-27,rain ×1.2,21.253591218113936,-0.4623240622540492,23.27
Chatara,2024-09-27,rain ×1.2 & soil +1σ,21.253591218113936,-0.4623240622540492,23.27
