location,dataset_mean,center_cell_reproduces_dataset,center_mean_Q,best_cell,best_mean_Q,ratio_best_to_center,cells_with_mean_gt_10x_center
Bahrabise,5.051314413741598,True,5.051314413741598,"(-1,-2)",84.0940926064227,16.64796243481758,6
Belsot,33.03263629574309,True,33.03263629574309,"(-2,-2)",36.940828976848394,1.1183130721421999,0
Bhada Bridge,0.6966168782673637,True,0.6966168782673637,"(-2,0)",65.40617625093353,93.89117360120929,7
Chameliya/Nayalbadi,31.39346527259149,True,31.39346527259149,"(-1,-2)",39.80332337565348,1.2678856261976383,0
Chatara,1.4913442867811801,True,1.4913442867811801,"(-1,-2)",1828.978431665422,1226.3958415752336,9
Chisapani,0.8470724421209859,True,0.8470724421209859,"(0,-1)",1325.3114189693802,1564.5786039868456,11
Devghat,2.331277072442121,True,2.331277072442121,"(-1,-2)",1608.6606049290515,690.034069285426,10
Khokana,1.658005974607916,True,1.658005974607916,"(-2,-2)",48.933577296489915,29.513510835243938,6
Kusum,125.81215832710977,True,125.81215832710977,"(0,-2)",126.47010455563854,1.0052295917761631,0
Rasuwagadhi,1.4067513069454818,True,1.4067513069454818,"(-2,-2)",132.86818521284542,94.45037268267822,11
