location,di,dj,snapped_lat,snapped_lon,mean_Q,max_Q,corr_with_dataset,max_abs_diff
Bahrabise,-2,-2,27.675003,85.775024,1.426370425690814,11.65,0.9823246748385139,22.1
Bahrabise,-2,-1,27.675003,85.82501,3.201239731142644,23.6,0.9917849719159086,11.879999999999999
Bahrabise,-2,0,27.675003,85.875,1.6768633308439136,11.97,0.9926743793407325,21.78
Bahrabise,-2,1,27.675003,85.92502,3.5639357729648995,23.49,0.9944362086357676,10.260000000000002
Bahrabise,-2,2,27.675003,85.975006,5.476504854368932,35.14,0.9927586436471447,8.049999999999999
Bahrabise,-1,-2,27.725006,85.775024,84.0940926064227,436.52,0.9714847443282038,408.47999999999996
Bahrabise,-1,-1,27.725006,85.82501,1.5511127707244212,12.09,0.9924127768398113,21.66
Bahrabise,-1,0,27.725006,85.875,1.6761165048543687,11.97,0.9959143811470553,21.78
Bahrabise,-1,1,27.725006,85.92502,1.7566915608663183,11.47,0.9953220027214152,22.28
Bahrabise,-1,2,27.725006,85.975006,1.8411575802837938,12.4,0.9906018475907804,22.92
Bahrabise,0,-2,27.775002,85.775024,82.6290216579537,431.51,0.9701996223395829,403.46999999999997
Bahrabise,0,-1,27.775002,85.82501,81.04068707991038,425.58,0.9689830968842992,397.53999999999996
Bahrabise,0,0,27.775002,85.875,5.051314413741598,33.75,1.0,0.0
Bahrabise,0,1,27.775002,85.92502,3.3994473487677377,22.17,0.9997390417235096,11.579999999999998
Bahrabise,0,2,27.775002,85.975006,1.792001493651979,11.45,0.99509049364438,23.11
Bahrabise,1,-2,27.825005,85.775024,1.646235997012696,11.5,0.9910828563568732,22.25
Bahrabise,1,-1,27.825005,85.82501,71.14755787901419,373.97,0.9594120882630374,345.93
Bahrabise,1,0,27.825005,85.875,1.706855862584018,11.3,0.9970304519413334,22.45
Bahrabise,1,1,27.825005,85.92502,1.7156684092606425,10.99,0.9982801005218763,22.759999999999998
Bahrabise,1,2,27.825005,85.975006,1.736840926064227,10.67,0.9950978262711501,23.53
Bahrabise,2,-2,27.875,85.775024,1.7536071695294995,11.16,0.9851804008675125,23.369999999999997
Bahrabise,2,-1,27.875,85.82501,67.74811053024645,357.1,0.9558127690875314,329.06
Bahrabise,2,0,27.875,85.875,65.93058999253174,348.14,0.9540871110248407,320.09999999999997
Bahrabise,2,1,27.875,85.92502,3.4893129200896196,21.28,0.9901511950858386,13.95
Bahrabise,2,2,27.875,85.975006,1.760104555638536,10.35,0.9885432163497765,24.03
Belsot,-2,-2,26.825005,86.125,36.940828976848394,299.61,0.9986095836877249,59.02000000000001
Belsot,-2,-1,26.825005,86.17502,0.4140851381628081,7.11,0.8702705559860499,250.54999999999998
Belsot,-2,0,26.825005,86.225006,0.20130694548170278,3.15,0.8922518953986426,253.07999999999998
Belsot,-2,1,26.825005,86.275024,0.20556385362210608,3.11,0.9214838968221738,253.14
Belsot,-2,2,26.825005,86.32501,0.39448842419716207,5.71,0.9199184453433966,251.36999999999998
Belsot,-1,-2,26.875,86.125,0.27032860343539955,4.87,0.902041534370882,252.23
Belsot,-1,-1,26.875,86.17502,33.94575056011949,266.3,0.9998322439891434,16.5
Belsot,-1,0,26.875,86.225006,0.5098431665421957,6.45,0.9305150489770659,250.42
Belsot,-1,1,26.875,86.275024,0.2048319641523525,2.92,0.911381747942258,253.28
Belsot,-1,2,26.875,86.32501,0.20803584764749813,2.7,0.9210276820202747,253.31
Belsot,0,-2,26.925003,86.125,34.64884241971621,273.16,0.9996035733084889,25.78
Belsot,0,-1,26.925003,86.17502,33.79951456310679,263.85,0.9999288657470772,11.219999999999999
Belsot,0,0,26.925003,86.225006,33.03263629574309,255.45,1.0,0.0
Belsot,0,1,26.925003,86.275024,0.3233457804331591,3.44,0.9452658185253013,252.64
Belsot,0,2,26.925003,86.32501,0.3664002987303958,3.47,0.9658629457255239,252.39
Belsot,1,-2,26.975006,86.125,0.4349962658700523,3.36,0.933792515494054,252.08999999999997
Belsot,1,-1,26.975006,86.17502,18.157386109036594,145.89,0.9923609371936384,109.56
Belsot,1,0,26.975006,86.225006,22.380993278566095,177.24,0.9957382430751689,82.42000000000002
Belsot,1,1,26.975006,86.275024,10.158991784914114,73.13,0.978298361802207,182.49
Belsot,1,2,26.975006,86.32501,9.276654219566842,65.83,0.9772608091309322,189.62
Belsot,2,-2,27.025002,86.125,17.683061986557135,142.55,0.9920847253037679,112.89999999999998
Belsot,2,-1,27.025002,86.17502,2.3920687079910383,27.38,0.9832640420102758,238.38
Belsot,2,0,27.025002,86.225006,0.6422628827483197,8.51,0.9804022775444717,250.58999999999997
Belsot,2,1,27.025002,86.275024,0.6709708737864076,7.67,0.9790325618198644,250.45
Belsot,2,2,27.025002,86.32501,2.566587005227782,25.92,0.9651603310321144,238.29
Bhada Bridge,-2,-2,28.075005,81.275024,0.06674383868558627,1.94,0.7747586688997685,23.64
Bhada Bridge,-2,-1,28.075005,81.32501,64.27094100074683,1392.16,0.8472523198047245,1367.98
Bhada Bridge,-2,0,28.075005,81.375,65.40617625093353,1392.16,0.8512862775700382,1368.52
Bhada Bridge,-2,1,28.075005,81.42502,0.06962658700522778,2.83,0.9454465122647742,21.35
Bhada Bridge,-2,2,28.075005,81.475006,3.2368782673637044,79.17,0.9781407177987744,54.99
Bhada Bridge,-1,-2,28.125,81.275024,0.5159223300970873,17.45,0.9330472212214098,7.84
Bhada Bridge,-1,-1,28.125,81.32501,63.60407020164302,1405.05,0.8439215908844551,1380.87
Bhada Bridge,-1,0,28.125,81.375,0.8099626587005228,27.91,0.9994333290818124,3.7300000000000004
Bhada Bridge,-1,1,28.125,81.42502,0.09183719193427932,3.36,0.9806769049313508,20.82
Bhada Bridge,-1,2,28.125,81.475006,3.081209858103062,74.86,0.9749733306721207,50.68
Bhada Bridge,0,-2,28.175003,81.275024,0.4327109783420463,15.48,0.9368547065633597,8.77
Bhada Bridge,0,-1,28.175003,81.32501,63.427789395070945,1441.12,0.8438059083831374,1416.9399999999998
Bhada Bridge,0,0,28.175003,81.375,0.6966168782673637,24.18,0.9999999999999999,0.0
Bhada Bridge,0,1,28.175003,81.42502,0.4635474234503361,15.9,0.9980276468494537,8.28
Bhada Bridge,0,2,28.175003,81.475006,2.960186706497386,71.95,0.9731486446368071,47.77
Bhada Bridge,1,-2,28.225006,81.275024,0.2658103061986557,12.0,0.9415858701809355,12.18
Bhada Bridge,1,-1,28.225006,81.32501,63.289447348767744,1464.55,0.843183220894134,1440.37
Bhada Bridge,1,0,28.225006,81.375,0.11984316654219566,4.01,0.9897834020750546,20.17
Bhada Bridge,1,1,28.225006,81.42502,0.31312920089619123,10.53,0.9954212683560006,13.65
Bhada Bridge,1,2,28.225006,81.475006,0.1615160567587752,5.08,0.9793087692457589,19.1
Bhada Bridge,2,-2,28.275002,81.275024,61.2842569081404,1444.44,0.8345322182587069,1420.26
Bhada Bridge,2,-1,28.275002,81.32501,62.888715459297984,1478.11,0.840987715014216,1453.9299999999998
Bhada Bridge,2,0,28.275002,81.375,0.13458551157580284,5.15,0.9933515197793596,19.03
Bhada Bridge,2,1,28.275002,81.42502,0.15754294249439882,5.73,0.992296664715646,18.45
Bhada Bridge,2,2,28.275002,81.475006,0.1799103808812547,5.55,0.9800934668008705,18.63
Chameliya/Nayalbadi,-2,-2,29.575005,80.475006,1.1990963405526511,6.52,0.9743586734657866,118.63
Chameliya/Nayalbadi,-2,-1,29.575005,80.525024,0.6082300224047797,3.13,0.976108340558227,121.55
Chameliya/Nayalbadi,-2,0,29.575005,80.57501,0.6166318147871547,3.24,0.9777890635813647,121.44
Chameliya/Nayalbadi,-2,1,29.575005,80.625,0.6609185959671396,3.36,0.9821401577456362,121.24
Chameliya/Nayalbadi,-2,2,29.575005,80.67502,0.721560866318148,3.81,0.9819703297161937,120.99
Chameliya/Nayalbadi,-1,-2,29.625,80.475006,39.80332337565348,172.78,0.9986460029978023,48.18000000000001
Chameliya/Nayalbadi,-1,-1,29.625,80.525024,5.049641523525019,28.17,0.981385847474694,96.42999999999999
Chameliya/Nayalbadi,-1,0,29.625,80.57501,4.531979088872292,24.94,0.9825197040931183,99.66
Chameliya/Nayalbadi,-1,1,29.625,80.625,3.374742345033607,18.32,0.9842827843007611,106.28
Chameliya/Nayalbadi,-1,2,29.625,80.67502,2.1097087378640778,11.3,0.9855482937645855,113.3
Chameliya/Nayalbadi,0,-2,29.675003,80.475006,34.2983644510829,141.23,0.9996823132823515,16.629999999999995
Chameliya/Nayalbadi,0,-1,29.675003,80.525024,33.306512322628826,135.14,0.9998746324693771,12.920000000000002
Chameliya/Nayalbadi,0,0,29.675003,80.57501,31.39346527259149,124.6,1.0,0.0
Chameliya/Nayalbadi,0,1,29.675003,80.625,24.52251680358477,93.19,0.9989473703431351,32.650000000000006
Chameliya/Nayalbadi,0,2,29.675003,80.67502,0.647796863330844,3.8,0.9795827886726479,120.8
Chameliya/Nayalbadi,1,-2,29.725006,80.475006,0.7108140403286034,5.05,0.9781497977280986,120.99
Chameliya/Nayalbadi,1,-1,29.725006,80.525024,0.6879387602688575,5.28,0.9764349516545954,121.1
Chameliya/Nayalbadi,1,0,29.725006,80.57501,6.329522031366691,29.62,0.9908198694466449,96.75999999999999
Chameliya/Nayalbadi,1,1,29.725006,80.625,23.28117998506348,85.5,0.9981444345790503,39.099999999999994
Chameliya/Nayalbadi,1,2,29.725006,80.67502,22.592793129200896,81.79,0.9976164471001466,42.80999999999999
Chameliya/Nayalbadi,2,-2,29.775002,80.475006,0.844772218073189,4.24,0.9856143815596805,120.72
Chameliya/Nayalbadi,2,-1,29.775002,80.525024,0.8067214339058998,3.92,0.9858406319623844,121.03999999999999
Chameliya/Nayalbadi,2,0,29.775002,80.57501,0.7574533233756535,3.73,0.9856032360918914,121.11
Chameliya/Nayalbadi,2,1,29.775002,80.625,4.844563106796117,22.17,0.9909761680835207,104.02
Chameliya/Nayalbadi,2,2,29.775002,80.67502,0.7623898431665422,3.53,0.9906123396593902,121.07
Chatara,-2,-2,26.775002,87.07501,1827.6178864824494,8688.6,0.8164234262401026,8676.720000000001
Chatara,-2,-1,26.775002,87.125,0.6391112770724421,4.36,0.8989559613276891,18.96
Chatara,-2,0,26.775002,87.17502,2.2733383121732635,15.79,0.9325999793426979,10.94
Chatara,-2,1,26.775002,87.225006,0.6599103808812545,4.69,0.878401118722749,19.89
Chatara,-2,2,26.775002,87.275024,0.6927109783420463,5.21,0.9104288405794281,18.06
Chatara,-1,-2,26.825005,87.07501,1828.978431665422,8648.68,0.8159240857842537,8636.800000000001
Chatara,-1,-1,26.825005,87.125,0.6755414488424197,4.71,0.8976020097346847,19.62
Chatara,-1,0,26.825005,87.17502,0.6739432412247947,12.21,0.9966349741655955,11.059999999999999
Chatara,-1,1,26.825005,87.225006,1.619342793129201,12.77,0.9431271731181533,11.09
Chatara,-1,2,26.825005,87.275024,0.6998058252427184,12.4,0.9846094491475857,12.629999999999999
Chatara,0,-2,26.875,87.07501,0.7664525765496639,11.91,0.9875216090651241,11.36
Chatara,0,-1,26.875,87.125,1828.2315533980582,8628.79,0.8158614037883949,8616.910000000002
Chatara,0,0,26.875,87.17502,1.4913442867811801,23.27,0.9999999999999998,0.0
Chatara,0,1,26.875,87.225006,0.8468259895444362,5.92,0.8523972290563908,20.9
Chatara,0,2,26.875,87.275024,2.353913368185213,36.15,0.9857109946374437,12.879999999999999
Chatara,1,-2,26.925003,87.07501,829.2971321882002,5369.32,0.8332857254817008,5357.44
Chatara,1,-1,26.925003,87.125,1824.9214787154592,8608.94,0.8150915958785311,8597.060000000001
Chatara,1,0,26.925003,87.17502,324.4849365197909,1551.39,0.8171852323457293,1541.01
Chatara,1,1,26.925003,87.225006,323.4383271097835,1544.25,0.8163650468453122,1533.87
Chatara,1,2,26.925003,87.275024,321.1552651232263,1533.62,0.8148836627005307,1523.2399999999998
Chatara,2,-2,26.975006,87.07501,1.189432412247946,10.72,0.9397350119341765,13.649999999999999
Chatara,2,-1,26.975006,87.125,669.7052651232264,2534.13,0.7076085674702269,2523.75
Chatara,2,0,26.975006,87.17502,1.2269230769230768,10.56,0.939676270539508,13.52
Chatara,2,1,26.975006,87.225006,1.2375429424943987,11.36,0.9346426224862161,12.639999999999999
Chatara,2,2,26.975006,87.275024,1.2181105302464528,11.62,0.9307585007317724,13.57
Chisapani,-2,-2,28.575005,81.17502,0.271882001493652,7.04,0.9155520572924698,9.95
Chisapani,-2,-1,28.575005,81.225006,1325.3093801344287,6621.17,0.8952412913080154,6604.18
Chisapani,-2,0,28.575005,81.275024,0.29802837938760274,5.92,0.8308984453611754,11.069999999999999
Chisapani,-2,1,28.575005,81.32501,0.385227781926811,4.69,0.8330675399171243,12.299999999999997
Chisapani,-2,2,28.575005,81.375,0.4696265870052278,3.79,0.8283053622788715,13.2
Chisapani,-1,-2,28.625,81.17502,0.28635548917102316,5.76,0.8528805117493653,11.229999999999999
Chisapani,-1,-1,28.625,81.225006,1325.2759073935772,6636.43,0.8951048858577857,6619.4400000000005
Chisapani,-1,0,28.625,81.275024,0.8241598207617626,20.23,0.9891839347122484,3.240000000000002
Chisapani,-1,1,28.625,81.32501,0.8993353248693055,19.51,0.9849093758253018,3.7700000000000005
Chisapani,-1,2,28.625,81.375,0.9519940253920834,18.23,0.9845536008588596,4.55
Chisapani,0,-2,28.675003,81.17502,0.7818446601941746,21.86,0.9715157680753043,4.870000000000001
Chisapani,0,-1,28.675003,81.225006,1325.3114189693802,6636.43,0.8950549429167587,6619.4400000000005
Chisapani,0,0,28.675003,81.275024,0.8470724421209859,16.99,1.0,0.0
Chisapani,0,1,28.675003,81.32501,380.36217326362964,1689.44,0.8750197890432914,1684.5800000000002
Chisapani,0,2,28.675003,81.375,378.5978864824496,1677.8,0.8737599809144398,1672.94
Chisapani,1,-2,28.725006,81.17502,0.8280507841672891,22.12,0.9764303517283187,5.130000000000003
Chisapani,1,-1,28.725006,81.225006,1322.9182001493652,6590.74,0.8945038125041282,6573.75
Chisapani,1,0,28.725006,81.275024,0.8659073935772965,19.84,0.9900443370548776,2.8500000000000014
Chisapani,1,1,28.725006,81.32501,0.901194921583271,17.79,0.9890933333210546,2.130000000000001
Chisapani,1,2,28.725006,81.375,383.2996863330844,1709.02,0.8764200346947976,1704.16
Chisapani,2,-2,28.775002,81.17502,929.4784690067215,5057.25,0.8947012862085529,5040.26
Chisapani,2,-1,28.775002,81.225006,930.2289917849142,5068.91,0.8949638219442377,5051.92
Chisapani,2,0,28.775002,81.275024,389.4472516803585,1748.85,0.8797444780655839,1743.99
Chisapani,2,1,28.775002,81.32501,385.0514936519791,1720.87,0.8773115954774976,1716.01
Chisapani,2,2,28.775002,81.375,1.4965347274085137,18.86,0.9121974595624133,5.84
Devghat,-2,-2,27.625,84.32501,3.1276923076923073,42.35,0.8919563772613815,26.38
Devghat,-2,-1,27.625,84.375,2.081553398058252,30.48,0.8424895363815307,16.46
Devghat,-2,0,27.625,84.42502,5.662277819268111,52.46,0.9949818074962065,32.900000000000006
Devghat,-2,1,27.625,84.475006,11.292315160567588,98.31,0.9892158344202556,78.75
Devghat,-2,2,27.625,84.525024,4.232106049290515,38.63,0.9825416429398853,25.62
Devghat,-1,-2,27.675003,84.32501,1608.6606049290515,9098.14,0.8634354996626475,9088.099999999999
Devghat,-1,-1,27.675003,84.375,1.0860194174757283,22.12,0.7074491315709696,12.439999999999998
Devghat,-1,0,27.675003,84.42502,3.509462285287528,31.43,0.998879888173901,10.990000000000002
Devghat,-1,1,27.675003,84.475006,1.1966542195668408,13.19,0.9682757082591076,10.3
Devghat,-1,2,27.675003,84.525024,6.062359970126961,49.12,0.9901709541779361,29.13
Devghat,0,-2,27.725006,84.32501,479.99572068707994,3387.44,0.8749167677948672,3377.4
Devghat,0,-1,27.725006,84.375,1608.0345556385362,9119.11,0.8630650980794332,9109.07
Devghat,0,0,27.725006,84.42502,2.331277072442121,20.78,1.0,0.0
Devghat,0,1,27.725006,84.475006,1.1864824495892459,10.48,0.9995869269270006,10.3
Devghat,0,2,27.725006,84.525024,4.916811053024645,39.36,0.988213642635825,19.280000000000005
Devghat,1,-2,27.775002,84.32501,481.3088274831964,3395.25,0.8756086500548379,3385.21
Devghat,1,-1,27.775002,84.375,1123.8337117251679,5766.66,0.848248279677033,5756.62
Devghat,1,0,27.775002,84.42502,1125.2808215085886,5753.4,0.8486910760991859,5743.36
Devghat,1,1,27.775002,84.475006,5.911053024645257,57.61,0.9590862675109593,47.57
Devghat,1,2,27.775002,84.525024,4.501351755041075,45.67,0.9536451539566032,35.63
Devghat,2,-2,27.825005,84.32501,1.2110828976848396,15.03,0.9384593879530103,11.79
Devghat,2,-1,27.825005,84.375,1121.2991187453324,5766.66,0.8475566443704754,5756.62
Devghat,2,0,27.825005,84.42502,875.0114339058999,4274.63,0.8427994404292135,4264.59
Devghat,2,1,27.825005,84.475006,865.4040403286034,4196.59,0.8401967817591747,4186.55
Devghat,2,2,27.825005,84.525024,864.0638685586258,4206.27,0.8396621380815551,4196.2300000000005
Khokana,-2,-2,27.525002,85.17502,48.933577296489915,1632.05,0.9821383043118604,1574.44
Khokana,-2,-1,27.525002,85.225006,46.557199402539204,1498.69,0.9824519199219117,1441.0800000000002
Khokana,-2,0,27.525002,85.275024,4.833241224794623,212.3,0.9630810162602819,154.69
Khokana,-2,1,27.525002,85.32501,3.3334353995519046,134.83,0.9628129342251094,77.22000000000001
Khokana,-2,2,27.525002,85.375,1.6225242718446602,63.12,0.9576028166396087,9.509999999999998
Khokana,-1,-2,27.575005,85.17502,11.20135922330097,430.52,0.9472243482636945,372.90999999999997
Khokana,-1,-1,27.575005,85.225006,32.561194921583265,919.45,0.9744276339506734,861.84
Khokana,-1,0,27.575005,85.275024,1.5840403286034355,64.46,0.9870436584629098,6.849999999999994
Khokana,-1,1,27.575005,85.32501,1.6630619865571319,64.61,0.9856857580302669,7.0
Khokana,-1,2,27.575005,85.375,1.2404032860343541,16.42,0.7492050718486695,41.230000000000004
Khokana,0,-2,27.625,85.17502,1.345011202389843,57.21,0.9624336682784393,7.330000000000002
Khokana,0,-1,27.625,85.225006,31.206325616131444,852.1,0.9708238235409911,794.49
Khokana,0,0,27.625,85.275024,1.658005974607916,57.61,1.0,0.0
Khokana,0,1,27.625,85.32501,3.3267139656460047,119.5,0.9935725968926228,61.89
Khokana,0,2,27.625,85.375,1.2884839432412247,13.59,0.6682234894861935,47.44
Khokana,1,-2,27.675003,85.17502,1.459044062733383,49.35,0.955541608525124,8.259999999999998
Khokana,1,-1,27.675003,85.225006,29.767557879014184,802.53,0.968164813573268,744.92
Khokana,1,0,27.675003,85.275024,26.7604929051531,705.32,0.9637239093532899,647.71
Khokana,1,1,27.675003,85.32501,11.408267363704256,320.37,0.9679421010447098,262.76
Khokana,1,2,27.675003,85.375,3.2193726661687827,81.6,0.9298706068830497,35.00999999999999
Khokana,2,-2,27.725006,85.17502,1.7523823749066465,12.27,0.7033358683085235,45.34
Khokana,2,-1,27.725006,85.225006,1.779716206123973,42.85,0.943161271462449,14.759999999999998
Khokana,2,0,27.725006,85.275024,5.39716206123973,121.46,0.9274082661987972,67.68
Khokana,2,1,27.725006,85.32501,4.743637042569081,111.98,0.9057441792980986,78.63
Khokana,2,2,27.725006,85.375,3.1171844660194172,77.16,0.9026496651601986,42.14
Kusum,-2,-2,27.925003,81.975006,0.05618371919342793,1.74,0.5686576737005874,3174.13
Kusum,-2,-1,27.925003,82.025024,0.10124719940253922,3.83,0.619733687528917,3172.04
Kusum,-2,0,27.925003,82.07501,0.2217699775952203,22.01,0.7177775828441284,3153.8599999999997
Kusum,-2,1,27.925003,82.125,0.5258103061986558,48.09,0.7420857284705271,3127.7799999999997
Kusum,-2,2,27.925003,82.17502,124.63132188200149,3234.94,0.9996304802987017,111.42999999999984
Kusum,-1,-2,27.975006,81.975006,126.28260642270351,3096.42,0.9998042961928744,79.44999999999982
Kusum,-1,-1,27.975006,82.025024,125.93390589992529,3168.57,0.9999953497475039,10.889999999999873
Kusum,-1,0,27.975006,82.07501,125.60079163554893,3234.94,0.9999249182556134,59.070000000000164
Kusum,-1,1,27.975006,82.125,125.35823749066466,3242.4,0.9998364679033724,66.5300000000002
Kusum,-1,2,27.975006,82.17502,125.12917849141151,3249.87,0.9997446325796494,85.38000000000011
Kusum,0,-2,28.025002,81.975006,126.47010455563854,3068.02,0.9996469668782674,107.84999999999991
Kusum,0,-1,28.025002,82.025024,126.14158327109783,3125.08,0.9999196111330481,50.789999999999964
Kusum,0,0,28.025002,82.07501,125.81215832710977,3175.87,0.9999999999999999,0.0
Kusum,0,1,28.025002,82.125,0.27093353248693053,10.19,0.7316507256601061,3165.68
Kusum,0,2,28.025002,82.17502,15.263569828230024,653.64,0.9549183164481068,2522.23
Kusum,1,-2,28.075005,81.975006,0.2178790141896938,2.16,0.5857490898815274,3173.81
Kusum,1,-1,28.075005,82.025024,0.6130545182972368,33.12,0.7990658497911935,3142.75
Kusum,1,0,28.075005,82.07501,0.33692307692307694,16.99,0.813703169736254,3158.88
Kusum,1,1,28.075005,82.125,17.811150112023896,738.61,0.9533329885425239,2437.2599999999998
Kusum,1,2,28.075005,82.17502,16.980985810306198,718.45,0.9527743606218991,2457.42
Kusum,2,-2,28.125,81.975006,1.3850933532486933,64.92,0.8417410526779575,3110.95
Kusum,2,-1,28.125,82.025024,1.0269977595220314,48.77,0.8366798685251446,3127.1
Kusum,2,0,28.125,82.07501,20.30601941747573,811.83,0.9524134262896579,2364.04
Kusum,2,1,28.125,82.125,0.5064227035100821,15.11,0.8941168599898007,3160.7599999999998
Kusum,2,2,28.125,82.17502,0.4907991038088126,16.54,0.9051048133669811,3159.33
Rasuwagadhi,-2,-2,28.175003,85.275024,132.86818521284542,552.35,0.9549451782952942,548.8000000000001
Rasuwagadhi,-2,-1,28.175003,85.32501,31.012277819268107,156.4,0.9319255844769694,152.43
Rasuwagadhi,-2,0,28.175003,85.375,27.633562359970124,145.55,0.9244798480290685,141.58
Rasuwagadhi,-2,1,28.175003,85.42502,1.7060044809559374,7.79,0.9518152664858953,4.379999999999999
Rasuwagadhi,-2,2,28.175003,85.475006,1.9229947722180731,12.06,0.8837315998204271,8.09
Rasuwagadhi,-1,-2,28.225006,85.275024,1.667931292008962,9.19,0.9843943755916962,1.37
Rasuwagadhi,-1,-1,28.225006,85.32501,85.04456310679612,344.94,0.9551583539516061,341.39
Rasuwagadhi,-1,0,28.225006,85.375,1.6833980582524273,7.75,0.9696335445612596,3.71
Rasuwagadhi,-1,1,28.225006,85.42502,20.319365197908887,118.12,0.9068853041809144,114.15
Rasuwagadhi,-1,2,28.225006,85.475006,18.366967886482453,108.4,0.9040080293711077,104.43
Rasuwagadhi,0,-2,28.275002,85.275024,1.5476176250933533,8.82,0.9777003884270132,2.94
Rasuwagadhi,0,-1,28.275002,85.32501,80.0973711725168,330.89,0.9523027382775173,327.34
Rasuwagadhi,0,0,28.275002,85.375,1.4067513069454818,8.33,1.0,0.0
Rasuwagadhi,0,1,28.275002,85.42502,1.2558700522778192,7.15,0.9197546054125942,4.28
Rasuwagadhi,0,2,28.275002,85.475006,0.9088573562359971,6.57,0.8846164617895864,5.45
Rasuwagadhi,1,-2,28.325005,85.275024,47.17194921583271,208.41,0.9433440548732129,202.57
Rasuwagadhi,1,-1,28.325005,85.32501,1.2469230769230768,7.53,0.9864571043970786,1.5599999999999996
Rasuwagadhi,1,0,28.325005,85.375,28.51808065720687,133.59,0.9363743384306331,129.62
Rasuwagadhi,1,1,28.325005,85.42502,12.913928304705003,81.04,0.8947521677974027,77.07000000000001
Rasuwagadhi,1,2,28.325005,85.475006,8.474436146377894,59.26,0.8696410240723754,55.29
Rasuwagadhi,2,-2,28.375,85.275024,42.16471247199402,189.99,0.9351818120063675,184.15
Rasuwagadhi,2,-1,28.375,85.32501,44.12977595220313,196.7,0.9397796810425058,190.93
Rasuwagadhi,2,0,28.375,85.375,11.935937266616877,52.7,0.9433255907960038,49.150000000000006
Rasuwagadhi,2,1,28.375,85.42502,0.9250784167289022,5.87,0.9856301775787504,3.6100000000000003
Rasuwagadhi,2,2,28.375,85.475006,2.443861090365945,12.27,0.914255298321467,8.420000000000002
