location,corrected,cell_offset,snapped_lat,snapped_lon,mean_original,mean_corrected,nan
Bahrabise,True,"(-1, -2)",27.725006,85.775024,5.051314413741598,84.0940926064227,0
Belsot,False,"(0, 0)",26.925003,86.225006,33.03263629574309,33.03263629574309,0
Bhada Bridge,True,"(-2, 0)",28.075005,81.375,0.6966168782673637,65.40617625093353,0
Chameliya/Nayalbadi,False,"(0, 0)",29.675003,80.57501,31.39346527259149,31.39346527259149,0
Chatara,True,"(-1, -2)",26.825005,87.07501,1.4913442867811801,1828.978431665422,0
Chisapani,True,"(0, -1)",28.675003,81.225006,0.8470724421209859,1325.3114189693802,0
Devghat,True,"(-1, -2)",27.675003,84.32501,2.331277072442121,1608.6606049290515,0
Khokana,True,"(-2, -2)",27.525002,85.17502,1.658005974607916,48.933577296489915,0
Kusum,False,"(0, 0)",28.025002,82.07501,125.81215832710977,125.81215832710977,0
Rasuwagadhi,True,"(-2, -2)",28.175003,85.275024,1.4067513069454818,132.86818521284542,0
