h,location,NSE_persist,NSE_hgb,logNSE_persist,logNSE_hgb
1,Bahrabise,0.9545872711910441,0.9702143033744073,0.9888903345156743,0.9909168912163886
1,Belsot,0.955785701428991,0.9460029755456765,0.9908794819092791,0.9911036292049213
1,Bhada Bridge,0.9517163084080158,0.9662745913183517,0.9797150523247223,0.9780193717166399
1,Chameliya/Nayalbadi,0.9969431445102007,0.996348758906144,0.9981746135366105,0.9984652815877535
1,Chatara,0.525882652747865,0.7760053845136714,0.9388006689729418,0.971569667499017
1,Chisapani,0.9533541196578331,0.9597768556223485,0.968974723673564,0.9732340779108948
1,Devghat,0.9763117712012571,0.9847253125801408,0.991361406021183,0.9936808630754802
1,Khokana,0.1408237166424101,0.6316585557305853,0.7979294130540194,0.904069323103414
1,Kusum,0.9355552934204874,0.9325613795307656,0.9782312396314949,0.981103326547459
1,Rasuwagadhi,0.9490059260479035,0.9849066203885579,0.9836036944251567,0.9928356504020949
3,Bahrabise,0.9140697875081801,0.9370171091061922,0.9729170599218983,0.98258593341422
3,Belsot,0.8612886762932421,0.8842308633002197,0.9683947415155336,0.9753976863292972
3,Bhada Bridge,0.8305280334012145,0.8847887054421915,0.9114725734980288,0.9017619461164501
3,Chameliya/Nayalbadi,0.9854955128532394,0.9908126964235014,0.9900196667938027,0.9952088483783975
3,Chatara,0.2681168436391844,0.5700798021285707,0.8630625227792299,0.9046045309413757
3,Chisapani,0.8719064244687793,0.8686379012902106,0.9133767410926763,0.9197610247636107
3,Devghat,0.9063119211266548,0.9287035381047727,0.9586857492459132,0.9715282874836387
3,Khokana,-0.2235289239537388,0.35340101847706207,0.5680175056462189,0.715722738385016
3,Kusum,0.7928673112694156,0.8189694035879582,0.9241311318936258,0.9454190262647363
3,Rasuwagadhi,0.8764830347257702,0.9283798597433494,0.9525455298455683,0.9702406802590334
7,Bahrabise,0.8437990416148908,0.8912797053900922,0.937762917962114,0.9543984752270518
7,Belsot,0.7348259326450768,0.7748905718926131,0.9253273606393887,0.9351641826872664
7,Bhada Bridge,0.5571490763670497,0.4199572123532197,0.7457796743269339,0.6759640062835715
7,Chameliya/Nayalbadi,0.9419680789708895,0.9712875189571741,0.9634427854713398,0.9798734079855905
7,Chatara,0.15916727883598025,0.4516671158429716,0.7976642436357818,0.8292900898625354
7,Chisapani,0.7693765963582988,0.6560541955172472,0.8569869952792089,0.8081722828695397
7,Devghat,0.7779610760014051,0.7078523461298121,0.8811951245509094,0.877677856190937
7,Khokana,-0.4086957860046301,0.31482318984998536,0.31363712218666495,0.6072648597671177
7,Kusum,0.6371974959577036,0.7151172861596611,0.83688177687444,0.8676261478426469
7,Rasuwagadhi,0.8104777252157137,0.8704809599557088,0.9068197292522872,0.9289428888401844
