,0,1,2,3,4,5,6,7
Chatara,0.45801735042065533,0.5102817890453495,0.5331761294329612,0.5375097778661604,0.5315865725305564,0.52633588234013,0.5178726608425945,0.5126566229390598
Bhada Bridge,0.36883117288184303,0.41881118948076057,0.4627065120554901,0.4800999756769425,0.49059533972946,0.4976132517049672,0.5018981578851174,0.5051197464496147
Belsot,0.3189491291939492,0.3435194484234078,0.37075858973286163,0.39053652225293556,0.4033280735594966,0.4077127400552547,0.41515298079804863,0.42247408300897094
Kusum,0.52681232663254,0.5679986379289789,0.5897389497635173,0.6036679918230191,0.6105452260965922,0.6095971668164286,0.6104763706062625,0.6180669801843295
Devghat,0.42527614094000105,0.45163773103498095,0.47770272230681865,0.4976557265503468,0.5156487265984713,0.5254548252899746,0.5343495748515683,0.5417136677165583
Chameliya/Nayalbadi,0.5731535320416887,0.58888069975352,0.6079500960894382,0.6238922512146033,0.6353057882579058,0.644002131442274,0.6518907915121732,0.6605376038951941
Khokana,0.7845524876924498,0.8665562271174123,0.8289043401991218,0.7821238226290101,0.7471989047357449,0.7330516239427194,0.7184741621338296,0.7052827550860672
Rasuwagadhi,0.44012042608517327,0.4676979191176101,0.4831511531858751,0.47718177623191466,0.47155164836662117,0.47012156340523126,0.4716220784274748,0.46963694239769777
Bahrabise,0.6205411098219149,0.6507145796963771,0.6670107958324117,0.6745670867560751,0.6849155087870928,0.687116024451201,0.690754366963286,0.6965309436122743
Chisapani,0.640895394727677,0.6847684241984828,0.7089782023115615,0.7105475895513274,0.7133380264611792,0.7143424753737387,0.7178064912534483,0.7219856008817999
