location,monsoon_P_share,monsoon_Q_share,Q_cv,Q_p99_over_med,Q_p95,P_p99,rain_ne_precip,Q_zero
Bahrabise,0.8647588673878378,0.7314181122490468,1.1365130403810546,13.276282051282047,16.307999999999993,48.64799999999995,0.0,0.0
Belsot,0.7349950803542146,0.6292900632366208,1.1791732879574623,15.623362521891407,109.15,46.70399999999954,0.0,0.0
Bhada Bridge,0.8910876329960685,0.7601123535276649,2.122177510381922,26.395999999999912,3.52,40.54799999999996,0.0,0.0
Chameliya/Nayalbadi,0.8306678240911031,0.663972537726726,0.9813393980175683,8.079731258840168,100.41299999999998,42.809999999999945,0.002987303958177745,0.0
Chatara,0.7683097014282513,0.7233676029465523,1.5037689803498415,30.52571428571426,5.64,51.371999999999936,0.0,0.0
Chisapani,0.8850371805286509,0.7629933964010825,1.3912831797555338,17.84999999999998,3.160999999999999,41.46199999999999,0.0,0.0
Devghat,0.7850471004411941,0.6228031958175028,1.098152969183921,12.034418604651153,7.071999999999998,48.16799999999985,0.0,0.0
Khokana,0.8128862793572311,0.8420770516244983,2.0237556411629636,56.185454545454384,6.662999999999998,54.055999999999585,0.0,0.16654219566840925
Kusum,0.8487470529616217,0.8476955224688609,1.8612925407180947,56.87606168446023,556.5759999999997,29.353999999999814,0.0,0.0
Rasuwagadhi,0.6185916402173329,0.7368764732114417,1.0194551600634856,7.7190476190475925,4.0809999999999995,37.56199999999999,0.16654219566840925,0.0
